Time,Dist,Curv,PathX,PathY,Speed,PathHeading,LatGap,YawDev,LongAcc,LatAcc,SideSlip,Vx,Vy,YawVel,SlipAngleFront,SlipAngleRear,LatForceFront,LatForceRear,LongForceFront,LongForceRear,VertForceFront,VertForceRear,Steer,Throttle,Brake,Gear,Clutch
sec,m,1/m,m,m,m/s,rad,m,deg,g,g,deg,m/s,m/s,rad/s,deg,deg,N,N,N,N,N,N,deg,%,N,#,0-1
0.0,0.499,0.0,1.5434,3.7402,9.9797,1.57,-1,-1,-1,-1,0.0,9.9797,0.0,0.0,0.0,0.0,0.0,0.0,0.0,0.0,3603.2307,3197.4281,0.0,0.0,0.0,0,0
0.05,0.9978,0.0,1.5438,4.239,9.9767,1.57,-1,-1,-1,-1,0.0,9.9767,0.0,0.0,0.0,0.0,0.0,0.0,0.0,0.0,3603.2153,3197.392,0.0,0.0,0.0,0,0
0.1,1.4965,0.0,1.5442,4.7377,9.9738,1.57,-1,-1,-1,-1,0.0,9.9738,0.0,0.0,0.0,0.0,0.0,0.0,0.0,0.0,3603.2,3197.356,0.0,0.0,0.0,0,0
0.15,2.0089,0.0,1.5446,5.2501,10.2476,1.57,-1,-1,-1,-1,0.0,10.2476,0.0,0.0,0.0,0.0,0.0,0.0,0.0,3791.0,3603.1846,3197.32,0.0,1.0,0.0,0,0
0.2,2.535,0.0,1.545,5.7762,10.5212,1.57,-1,-1,-1,-1,0.0,10.5212,0.0,0.0,0.0,0.0,0.0,0.0,0.0,3791.0,3604.6419,3200.7328,0.0,1.0,0.0,0,0
0.25,3.0747,0.0,1.5454,6.3159,10.7947,1.57,-1,-1,-1,-1,0.0,10.7947,0.0,0.0,0.0,0.0,0.0,0.0,0.0,3791.0,3606.1378,3204.2359,0.0,1.0,0.0,0,0
0.3,3.6281,0.0,1.5459,6.8693,11.068,1.57,-1,-1,-1,-1,0.0,11.068,0.0,0.0,0.0,0.0,0.0,0.0,0.0,3791.0,3607.6721,3207.8291,0.0,1.0,0.0,0,0
0.35,4.1951,0.0,1.5463,7.4363,11.3411,1.57,-1,-1,-1,-1,0.0,11.3411,0.0,0.0,0.0,0.0,0.0,0.0,0.0,3791.0,3609.2448,3211.5121,0.0,1.0,0.0,0,0
0.4,4.7758,0.0,1.5468,8.017,11.614,1.57,-1,-1,-1,-1,0.0,11.614,0.0,0.0,0.0,0.0,0.0,0.0,0.0,3791.0,3610.8558,3215.2847,0.0,1.0,0.0,0,0
0.45,5.3664,0.0,1.573,8.607,11.8112,1.5617,-1,-1,-1,-1,-0.0353,11.8038,-0.4169,-0.1658,-0.1963,-0.1963,-5823.358,0.0,0.0,3791.0,3612.5049,3219.1468,-0.1963,1.0,0.0,0,0
0.5,5.9567,0.0,1.5661,9.1973,11.8069,1.5576,-1,-1,-1,-1,0.0249,11.8032,0.2943,-0.0821,0.0534,0.0534,5824.8484,2577.3062,0.0,0.0,3613.7208,3221.9941,0.0,0.0,0.0,0,0
0.55,6.5468,0.0,1.5878,9.787,11.8006,1.5556,-1,-1,-1,-1,-0.0216,11.7979,-0.2545,-0.0409,-0.0159,-0.0159,-3697.5113,-4483.8488,0.0,0.0,3613.6938,3221.9309,0.0,0.0,0.0,0,0
0.6,7.1367,0.0,1.5797,10.3769,11.7991,1.556,-1,-1,-1,-1,0.0285,11.7943,0.3363,0.0089,0.026,0.026,4938.5605,2823.7863,0.0,0.0,3613.6551,3221.8402,0.0,0.0,0.0,0,0
0.65,7.7342,0.0,1.6081,10.9737,11.9494,1.5547,-1,-1,-1,-1,-0.0314,11.9436,-0.375,-0.0258,-0.2258,-0.2258,-5825.1967,-3959.4809,0.0,3235.0483,3613.6456,3221.818,-0.1963,1.0,0.0,0,0
0.7,8.3391,0.0,1.6517,11.5769,12.097,1.5385,-1,-1,-1,-1,-0.0399,12.0873,-0.4829,-0.3251,-0.1622,-0.1622,-5826.7116,4026.2747,0.0,3157.1928,3614.5854,3224.0188,-0.1963,1.0,0.0,0,0
0.75,8.9575,0.0,1.6694,12.1951,12.3684,1.5306,-1,-1,-1,-1,0.0116,12.3676,0.1434,-0.1579,0.0746,0.0746,5828.2168,60.7857,0.0,3791.0,3615.5191,3226.2054,0.0,1.0,0.0,0,0
0.8,9.5756,0.0,1.6917,12.8128,12.362,1.5317,-1,-1,-1,-1,0.003,12.362,0.0374,0.0218,0.0049,0.0049,1403.5761,-4194.1878,0.0,0.0,3617.2672,3230.2992,0.0,0.0,0.0,0,0
0.85,10.1935,0.0,1.7211,13.43,12.3578,1.5307,-1,-1,-1,-1,-0.0075,12.3575,-0.0927,-0.0189,-0.0053,-0.0053,-1506.0644,-91.9917,0.0,0.0,3617.2255,3230.2015,0.0,0.0,0.0,0,0
0.9,10.825,0.0,1.737,14.0613,12.6311,1.5316,-1,-1,-1,-1,0.0141,12.6298,0.1785,0.0181,0.0095,0.0095,2490.0643,1066.5142,0.0,3791.0,3617.1984,3230.1381,0.0,1.0,0.0,0,0
0.95,11.4703,0.0,1.776,14.7054,12.9047,1.5308,-1,-1,-1,-1,-0.0205,12.902,-0.2647,-0.0164,-0.016,-0.016,-3706.7382,-2209.0174,0.0,3791.0,3618.9956,3234.3468,0.0,1.0,0.0,0,0
1.0,12.1291,0.0,1.7867,15.3642,13.1775,1.5315,-1,-1,-1,-1,0.0231,13.174,0.304,0.0131,0.0222,0.0222,4548.0118,3098.2653,0.0,3791.0,3620.8349,3238.6541,0.0,1.0,0.0,0,0
1.05,12.7878,0.0,1.8282,16.0215,13.1726,1.5308,-1,-1,-1,-1,-0.0231,13.1691,-0.3043,-0.0122,-0.0244,-0.0244,-4784.481,-3431.0992,0.0,0.0,3622.7079,3243.0405,0.0,0.0,0.0,0,0
1.1,13.46,0.0,1.8394,16.6936,13.4444,1.5315,-1,-1,-1,-1,0.0226,13.4409,0.304,0.0125,0.0243,0.0243,4779.4571,3444.7133,0.0,3791.0,3622.674,3242.961,0.0,1.0,0.0,0,0
1.15,14.1458,0.0,1.8817,17.3781,13.7157,1.5308,-1,-1,-1,-1,-0.0217,13.7125,-0.2975,-0.0125,-0.0238,-0.0238,-4731.0964,-3394.4833,0.0,3791.0,3624.5777,3247.4192,0.0,1.0,0.0,0,0
1.2,14.8313,0.0,1.8941,18.0635,13.7102,1.5315,-1,-1,-1,-1,0.0211,13.7072,0.2898,0.0128,0.0229,0.0229,4630.8736,3297.8657,0.0,0.0,3626.5178,3251.9626,0.0,0.0,0.0,0,0
1.25,15.5304,0.0,1.9365,18.7613,13.9815,1.5308,-1,-1,-1,-1,-0.0206,13.9785,-0.2887,-0.0129,-0.0223,-0.0223,-4572.9496,-3232.6627,0.0,3791.0,3626.478,3251.8695,0.0,1.0,0.0,0,0
1.3,16.243,0.0,1.9504,19.4738,14.2525,1.5315,-1,-1,-1,-1,0.0198,14.2497,0.282,0.0129,0.0218,0.0218,4516.5939,3178.199,0.0,3791.0,3628.4555,3256.5004,0.0,1.0,0.0,0,0
1.35,16.9651,0.0,1.9992,20.1942,14.442,1.5289,-1,-1,-1,-1,-0.0257,14.4373,-0.3711,-0.0517,-0.2173,-0.2173,-5852.3164,-3081.6356,0.0,3791.0,3630.4692,3261.2162,-0.1963,1.0,0.0,0,0
1.4,17.6968,0.0,2.0673,20.9228,14.6344,1.5125,-1,-1,-1,-1,-0.0349,14.6254,-0.5113,-0.328,-0.166,-0.166,-5854.6245,3309.9852,0.0,3791.0,3631.901,3264.5692,-0.1963,1.0,0.0,0,0
1.45,18.4282,0.0,2.1069,21.6531,14.6287,1.5039,-1,-1,-1,-1,0.0127,14.6275,0.1853,-0.1712,0.0639,0.0639,5856.9974,400.5458,0.0,0.0,3633.3731,3268.0166,0.0,0.0,0.0,0,0
1.5,19.1665,0.0,2.1842,22.3874,14.7659,1.494,-1,-1,-1,-1,-0.028,14.7601,-0.414,-0.1995,-0.1939,-0.1939,-5856.927,-4182.306,0.0,3066.7212,3633.3294,3267.9142,-0.1963,1.0,0.0,0,0
1.55,19.9184,0.0,2.2314,23.1378,15.037,1.4898,-1,-1,-1,-1,0.0182,15.0345,0.2734,-0.083,0.0455,0.0455,5818.3174,1582.2649,0.0,3791.0,3634.3909,3270.4002,0.0,1.0,0.0,0,0
1.6,20.6698,0.0,2.3012,23.8859,15.0275,1.488,-1,-1,-1,-1,-0.0103,15.0267,-0.1546,-0.0358,-0.011,-0.011,-2820.4395,-3897.2317,0.0,0.0,3636.5177,3275.3809,0.0,0.0,0.0,0,0
1.65,21.4308,0.0,2.3958,24.641,15.2202,1.4757,-1,-1,-1,-1,-0.0295,15.2136,-0.449,-0.2473,-0.183,-0.183,-5861.9457,1347.4887,0.0,3791.0,3636.4428,3275.2053,-0.1963,1.0,0.0,0,0
1.7,22.2053,0.0,2.4615,25.4128,15.4911,1.4699,-1,-1,-1,-1,0.016,15.4891,0.2485,-0.1143,0.0505,0.0505,5858.1939,1120.297,0.0,3791.0,3637.9771,3278.7983,0.0,1.0,0.0,0,0
1.75,22.9918,0.0,2.5462,26.1946,15.7286,1.4681,-1,-1,-1,-1,-0.0053,15.7284,-0.0834,-0.0358,-0.0065,-0.0065,-1806.5679,-3953.9694,0.0,3395.113,3640.1664,3283.9254,0.0,1.0,0.0,0,0
1.8,23.7917,0.0,2.6207,26.9911,15.9986,1.4689,-1,-1,-1,-1,0.0086,15.998,0.137,0.0149,0.0082,0.0082,2219.3886,413.7483,0.0,3791.0,3642.1187,3288.4973,0.0,1.0,0.0,0,0
1.85,24.5913,0.0,2.7108,27.7855,15.9914,1.4683,-1,-1,-1,-1,-0.0103,15.9906,-0.1652,-0.0122,-0.0098,-0.0098,-2555.1825,-1422.1546,0.0,0.0,3644.3731,3293.7769,0.0,0.0,0.0,0,0
1.9,25.4004,0.0,2.8253,28.5865,16.1824,1.4564,-1,-1,-1,-1,-0.0276,16.1762,-0.4469,-0.2381,-0.185,-0.185,-5874.6323,1769.1666,0.0,3791.0,3644.3129,3293.6358,-0.1963,1.0,0.0,0,0
1.95,26.2193,0.0,2.966,29.3932,16.3774,1.4341,-1,-1,-1,-1,-0.0359,16.3669,-0.5881,-0.445,-0.1497,-0.1497,-5877.2393,1192.5817,0.0,3791.0,3645.9301,3297.423,-0.1963,1.0,0.0,0,0
2.0,27.0344,0.0,3.1353,30.1906,16.3037,1.4049,-1,-1,-1,-1,-0.0434,16.2883,-0.7078,-0.5839,-0.1254,-0.1254,-5879.9337,-861.6451,0.0,0.0,3647.6016,3301.3374,-0.1963,0.0,0.0,0,0
2.05,27.8601,0.0,3.338,30.991,16.5128,1.3704,-1,-1,-1,-1,-0.0475,16.4942,-0.7848,-0.6915,-0.1068,-0.1068,-5878.9114,-1804.6847,0.0,3791.0,3646.9673,3299.8521,-0.1963,1.0,0.0,0,0
2.1,28.6857,0.0,3.5186,31.7967,16.5133,1.3485,-1,-1,-1,-1,0.0018,16.5133,0.0291,-0.4365,0.1014,0.1014,5881.8235,-2544.2233,0.0,0.0,3648.7739,3304.0827,0.0,0.0,0.0,0,0
2.15,29.5188,0.0,3.6858,32.6128,16.6611,1.3426,-1,-1,-1,-1,0.026,16.6555,0.4339,-0.1192,0.0324,0.0324,5428.0547,-4819.2817,0.0,2066.3519,3648.7781,3304.0925,0.0,1.0,0.0,0,0
2.2,30.3601,0.0,3.8835,33.4305,16.8255,1.3387,-1,-1,-1,-1,-0.0051,16.8253,-0.0852,-0.0775,-0.0168,-0.0168,-3843.7462,-4628.5395,0.0,2474.3151,3650.0687,3307.1149,0.0,1.0,0.0,0,0
2.25,31.197,0.0,4.0535,34.2499,16.7377,1.3438,-1,-1,-1,-1,0.0224,16.7335,0.3744,0.1024,0.2074,0.2074,5886.247,-369.6128,0.0,0.0,3651.518,3310.509,0.1963,0.0,0.0,0,0
2.3,32.0434,0.0,4.2034,35.083,16.9285,1.3613,-1,-1,-1,-1,0.0315,16.9201,0.5337,0.35,0.1661,0.1661,5884.996,-2415.2695,0.0,3791.0,3650.7419,3308.6915,0.1963,1.0,0.0,0,0
2.35,32.8997,0.0,4.3277,35.9302,17.1259,1.3876,-1,-1,-1,-1,0.0375,17.1139,0.6428,0.5251,0.1381,0.1381,5887.7218,-223.91,0.0,3791.0,3652.4329,3312.6515,0.1963,1.0,0.0,0,0
2.4,33.7558,0.0,4.4771,36.7732,17.1226,1.4028,-1,-1,-1,-1,-0.0074,17.1221,-0.1261,0.3039,-0.0771,-0.0771,-5890.5748,1511.5875,0.0,0.0,3654.2027,3316.7961,0.0,0.0,0.0,0,0
2.45,34.6116,0.0,4.6342,37.6144,17.1147,1.4053,-1,-1,-1,-1,-0.0191,17.1116,-0.3274,0.0502,-0.0156,-0.0156,-3652.9961,4459.5665,0.0,0.0,3654.1725,3316.7253,0.0,0.0,0.0,0,0
2.5,35.4805,0.0,4.768,38.473,17.3796,1.407,-1,-1,-1,-1,0.0092,17.3789,0.1596,0.0342,0.0153,0.0153,3612.7885,3647.9981,0.0,3791.0,3654.1015,3316.5592,0.0,1.0,0.0,0,0
2.55,36.3491,0.0,4.9189,39.3284,17.3712,1.4065,-1,-1,-1,-1,-0.0103,17.3703,-0.1781,-0.01,-0.0117,-0.0117,-2959.7122,-1259.9169,0.0,0.0,3656.5066,3322.1914,0.0,0.0,0.0,0,0
2.6,37.231,0.0,5.0543,40.1998,17.639,1.4071,-1,-1,-1,-1,0.0095,17.6382,0.1675,0.0119,0.011,0.011,2812.653,1803.6648,0.0,3791.0,3656.4295,3322.0108,0.0,1.0,0.0,0,0
2.65,38.1223,0.0,5.223,41.075,17.826,1.402,-1,-1,-1,-1,-0.0216,17.8219,-0.3858,-0.1013,-0.2067,-0.2067,-5898.1427,-1651.8452,0.0,3791.0,3658.8975,3327.7905,-0.1963,1.0,0.0,0,0
2.7,39.0132,0.0,5.3611,41.9551,17.8164,1.4005,-1,-1,-1,-1,0.0146,17.8145,0.2608,-0.0296,0.029,0.029,5215.6869,2405.9789,0.0,0.0,3660.6437,3331.8798,0.0,0.0,0.0,0,0
2.75,39.9034,0.0,5.5205,42.831,17.8054,1.3994,-1,-1,-1,-1,-0.0086,17.8048,-0.1535,-0.0228,-0.0125,-0.0125,-3107.432,-2929.4542,0.0,0.0,3660.5531,3331.6677,0.0,0.0,0.0,0,0
2.8,40.8071,0.0,5.6663,43.7228,18.073,1.3999,-1,-1,-1,-1,0.0088,18.0723,0.1593,0.0101,0.0103,0.0103,2664.7388,1342.9408,0.0,3791.0,3660.4502,3331.4268,0.0,1.0,0.0,0,0
2.85,41.7103,0.0,5.8276,44.6114,18.0634,1.3994,-1,-1,-1,-1,-0.0081,18.0628,-0.1471,-0.0109,-0.0095,-0.0095,-2508.0093,-1563.9038,0.0,0.0,3662.9775,3337.3453,0.0,0.0,0.0,0,0
2.9,42.6228,0.0,6.0158,45.5044,18.2516,1.388,-1,-1,-1,-1,-0.0249,18.2459,-0.4552,-0.2266,-0.1874,-0.1874,-5904.5721,1435.7924,0.0,3791.0,3662.8859,3337.1309,-0.1963,1.0,0.0,0,0
2.95,43.545,0.0,6.2313,46.401,18.4428,1.3661,-1,-1,-1,-1,-0.0312,18.4339,-0.5748,-0.4387,-0.1554,-0.1554,-5907.4721,1323.706,0.0,3791.0,3664.6849,3341.3437,-0.1963,1.0,0.0,0,0
3.0,44.4669,0.0,6.4197,47.3034,18.4376,1.3541,-1,-1,-1,-1,0.0109,18.4365,0.2016,-0.2401,0.0619,0.0619,5910.4496,-813.7797,0.0,0.0,3666.532,3345.6693,0.0,0.0,0.0,0,0
3.05,45.3956,0.0,6.6466,48.2041,18.5753,1.3407,-1,-1,-1,-1,-0.0167,18.5727,-0.31,-0.2678,-0.1904,-0.1904,-5910.3674,-4244.3295,0.0,3189.8691,3666.481,3345.5499,-0.1963,1.0,0.0,0,0
3.1,46.334,0.0,6.9057,49.1059,18.7674,1.3204,-1,-1,-1,-1,-0.0295,18.7593,-0.5533,-0.405,-0.161,-0.161,-5912.5306,-941.6431,0.0,3791.0,3667.8229,3348.6925,-0.1963,1.0,0.0,0,0
3.15,47.2721,0.0,7.1372,50.015,18.7614,1.3096,-1,-1,-1,-1,0.0118,18.7601,0.222,-0.2167,0.0573,0.0573,5915.5744,-499.0376,0.0,0.0,3669.7111,3353.1143,0.0,0.0,0.0,0,0
3.2,48.2175,0.0,7.4071,50.9211,18.9086,1.2972,-1,-1,-1,-1,-0.0159,18.9062,-0.3011,-0.2477,-0.1932,-0.1932,-5915.4789,-4150.1413,0.0,3330.3456,3669.6519,3352.9756,-0.1963,1.0,0.0,0,0
3.25,49.1725,0.0,7.709,51.8271,19.0996,1.2776,-1,-1,-1,-1,-0.0284,19.0919,-0.5425,-0.3927,-0.1635,-0.1635,-5917.8314,-710.5719,0.0,3791.0,3671.1113,3356.3933,-0.1963,1.0,0.0,0,0
3.3,50.1271,0.0,7.9832,52.7415,19.0932,1.2672,-1,-1,-1,-1,0.0123,19.0918,0.2346,-0.2072,0.055,0.055,5920.7212,-411.1711,0.0,0.0,3673.0218,3360.8675,0.0,0.0,0.0,0,0
3.35,51.0935,0.0,8.2664,53.6655,19.3277,1.2644,-1,-1,-1,-1,0.0089,19.327,0.1712,-0.0558,0.0017,0.0017,529.0231,-4107.3194,0.0,3402.311,3672.9581,3360.7182,0.0,1.0,0.0,0,0
3.4,52.0692,0.0,8.5289,54.6052,19.5136,1.274,-1,-1,-1,-1,0.0243,19.5079,0.4749,0.1921,0.1912,0.1912,5924.6316,-2388.6112,0.0,3791.0,3675.3298,3366.2722,0.1963,1.0,0.0,0,0
3.45,53.0543,0.0,8.7692,55.5605,19.7019,1.2952,-1,-1,-1,-1,0.0292,19.6935,0.575,0.423,0.1593,0.1593,5927.6955,-1875.7539,0.0,3791.0,3677.2304,3370.7233,0.1963,1.0,0.0,0,0
3.5,54.0529,0.0,9.0411,56.5214,19.9724,1.3069,-1,-1,-1,-1,-0.0118,19.971,-0.236,0.2334,-0.0569,-0.0569,-5930.8284,526.6117,0.0,3791.0,3679.1739,3375.2747,0.0,1.0,0.0,0,0
3.55,55.0631,0.0,9.3127,57.4944,20.2035,1.3102,-1,-1,-1,-1,-0.0116,20.2022,-0.2347,0.0667,-0.0033,-0.0033,-970.1921,4180.4463,0.0,3365.885,3681.9984,3381.8892,0.0,1.0,0.0,0,0
3.6,56.0864,0.0,9.5723,58.4842,20.4662,1.3117,-1,-1,-1,-1,0.0026,20.4661,0.0539,0.0303,0.0073,0.0073,2014.0185,2863.8535,0.0,3791.0,3684.4431,3387.6142,0.0,1.0,0.0,0,0
3.65,57.1229,0.0,9.8419,59.4851,20.7307,1.3115,-1,-1,-1,-1,-0.0039,20.7306,-0.08,-0.0045,-0.0046,-0.0046,-1312.4033,-97.7236,0.0,3791.0,3687.2547,3394.1984,0.0,1.0,0.0,0,0
3.7,58.1727,0.0,10.1076,60.5007,20.9948,1.3118,-1,-1,-1,-1,0.0032,20.9947,0.0664,0.006,0.0041,0.0041,1203.7633,738.649,0.0,3791.0,3690.1236,3400.9169,0.0,1.0,0.0,0,0
3.75,59.2356,0.0,10.3829,61.5273,21.2585,1.3115,-1,-1,-1,-1,-0.0027,21.2585,-0.0578,-0.005,-0.0035,-0.0035,-1037.1141,-579.6951,0.0,3791.0,3693.0236,3407.7084,0.0,1.0,0.0,0,0
3.8,60.2979,0.0,10.6526,62.5548,21.2452,1.3118,-1,-1,-1,-1,0.0023,21.2452,0.0496,0.0044,0.003,0.003,895.6181,503.9431,0.0,0.0,3695.957,3414.5779,0.0,0.0,0.0,0,0
3.85,61.3595,0.0,10.9268,63.5803,21.232,1.3116,-1,-1,-1,-1,-0.002,21.2319,-0.0433,-0.0038,-0.0026,-0.0026,-776.4481,-433.3366,0.0,0.0,3695.8082,3414.2295,0.0,0.0,0.0,0,0
3.9,62.4204,0.0,11.1967,64.6064,21.2187,1.3117,-1,-1,-1,-1,0.0018,21.2187,0.0383,0.0034,0.0023,0.0023,683.0051,379.2622,0.0,0.0,3695.6598,3413.8819,0.0,0.0,0.0,0,0
3.95,63.4905,0.0,11.4989,65.6329,21.4014,1.304,-1,-1,-1,-1,-0.0195,21.3973,-0.4163,-0.1551,-0.1984,-0.1984,-5957.1648,-336.0404,0.0,3791.0,3695.5116,3413.5349,-0.1963,1.0,0.0,0,0
4.0,64.5698,0.0,11.8297,66.6602,21.586,1.2849,-1,-1,-1,-1,-0.0256,21.5789,-0.5528,-0.3812,-0.1675,-0.1675,-5960.4682,1702.8127,0.0,3791.0,3697.5609,3418.3339,-0.1963,1.0,0.0,0,0
4.05,65.6486,0.0,12.1309,67.6962,21.5776,1.2746,-1,-1,-1,-1,0.0132,21.5758,0.2853,-0.2055,0.0484,0.0484,5942.4026,-95.9149,0.0,0.0,3699.65,3423.2263,0.0,0.0,0.0,0,0
4.1,66.7266,0.0,12.4404,68.7288,21.56,1.2707,-1,-1,-1,-1,0.0089,21.5591,0.1909,-0.0794,-0.0009,-0.0009,-278.494,-4051.9207,0.0,0.0,3699.555,3423.0038,0.0,0.0,0.0,0,0
4.15,67.8039,0.0,12.7603,69.7575,21.5447,1.2692,-1,-1,-1,-1,0.0001,21.5447,0.0022,-0.0289,-0.0041,-0.0041,-1190.1451,-2567.0425,0.0,0.0,3699.3544,3422.5341,0.0,0.0,0.0,0,0
4.2,68.8804,0.0,13.0783,70.786,21.5311,1.2692,-1,-1,-1,-1,0.0017,21.531,0.0372,0.0002,0.0016,0.0016,495.9954,-443.5942,0.0,0.0,3699.1812,3422.1283,0.0,0.0,0.0,0,0
4.25,69.9701,0.0,13.4034,71.8261,21.7942,1.2691,-1,-1,-1,-1,-0.0013,21.7941,-0.0283,-0.003,-0.0017,-0.0017,-527.0203,-367.1519,0.0,3791.0,3699.0267,3421.7666,0.0,1.0,0.0,0,0
4.3,71.073,0.0,13.7298,72.8795,22.0569,1.2692,-1,-1,-1,-1,0.0011,22.0569,0.025,0.0022,0.0015,0.0015,448.7263,236.701,0.0,3791.0,3702.0268,3428.7923,0.0,1.0,0.0,0,0
4.35,72.189,0.0,14.0624,73.9448,22.3193,1.2691,-1,-1,-1,-1,-0.0009,22.3193,-0.0212,-0.0019,-0.0013,-0.0013,-386.3786,-212.7996,0.0,3791.0,3705.0596,3435.8946,0.0,1.0,0.0,0,0
4.4,73.318,0.0,14.397,75.0231,22.5814,1.2692,-1,-1,-1,-1,0.0008,22.5814,0.0178,0.0016,0.0011,0.0011,326.0321,177.9454,0.0,3791.0,3708.1247,3443.0726,0.0,1.0,0.0,0,0
4.45,74.4561,0.0,14.764,76.1004,22.7618,1.261,-1,-1,-1,-1,-0.0186,22.7579,-0.4231,-0.1639,-0.1972,-0.1972,-5982.4899,-147.6551,0.0,3791.0,3711.222,3450.326,-0.1963,1.0,0.0,0,0
4.5,75.5935,0.0,15.1022,77.1863,22.7476,1.2577,-1,-1,-1,-1,0.0112,22.7461,0.2553,-0.0656,0.0279,0.0279,5171.9603,1567.8924,0.0,0.0,3713.3758,3455.3699,0.0,0.0,0.0,0,0
4.55,76.73,0.0,15.455,78.2667,22.7301,1.256,-1,-1,-1,-1,-0.0009,22.7301,-0.0197,-0.0344,-0.0075,-0.0075,-2050.1517,-2739.7999,0.0,0.0,3713.2049,3454.9695,0.0,0.0,0.0,0,0
4.6,77.8657,0.0,15.8039,79.3475,22.715,1.256,-1,-1,-1,-1,0.0026,22.7149,0.0593,-0.0003,0.0028,0.0028,840.4258,-293.2199,0.0,0.0,3712.9956,3454.4795,0.0,0.0,0.0,0,0
4.65,79.0105,0.0,16.186,80.4266,22.8949,1.2484,-1,-1,-1,-1,-0.0179,22.8912,-0.4094,-0.1523,-0.1989,-0.1989,-5985.0579,-555.751,0.0,3791.0,3712.8151,3454.0568,-0.1963,1.0,0.0,0,0
4.7,80.1545,0.0,16.5398,81.5145,22.8803,1.2455,-1,-1,-1,-1,0.0109,22.8789,0.2493,-0.0582,0.0265,0.0265,5050.6053,1585.345,0.0,0.0,3714.9749,3459.1146,0.0,0.0,0.0,0,0
4.75,81.2976,0.0,16.9082,82.5967,22.8628,1.2439,-1,-1,-1,-1,-0.0012,22.8628,-0.0273,-0.0316,-0.0076,-0.0076,-2077.3223,-2623.9241,0.0,0.0,3714.7989,3458.7026,0.0,0.0,0.0,0,0
4.8,82.4498,0.0,17.3092,83.6768,23.043,1.2341,-1,-1,-1,-1,-0.0188,23.0389,-0.4332,-0.1961,-0.1934,-0.1934,-5987.917,-182.204,0.0,3791.0,3714.5887,3458.2102,-0.1963,1.0,0.0,0,0
4.85,83.6111,0.0,17.7406,84.755,23.2253,1.2137,-1,-1,-1,-1,-0.0234,23.2189,-0.5444,-0.4084,-0.1666,-0.1666,-5991.4265,1258.9285,0.0,3791.0,3716.7658,3463.3087,-0.1963,1.0,0.0,0,0
4.9,84.7719,0.0,18.1431,85.8438,23.2165,1.2027,-1,-1,-1,-1,0.014,23.2142,0.3253,-0.2181,0.0462,0.0462,5949.0985,-529.2057,0.0,0.0,3718.9865,3468.5091,0.0,0.0,0.0,0,0
4.95,85.9407,0.0,18.5843,86.9261,23.3758,1.1901,-1,-1,-1,-1,-0.0065,23.3753,-0.1519,-0.2522,-0.1982,-0.1982,-5994.8318,-4126.6778,0.0,3642.2369,3718.8783,3468.2558,-0.1963,1.0,0.0,0,0
5.0,87.1185,0.0,19.0609,88.0032,23.5562,1.172,-1,-1,-1,-1,-0.0178,23.5524,-0.4191,-0.3628,-0.1759,-0.1759,-5997.9812,-1815.973,0.0,3791.0,3720.832,3472.8311,-0.1963,1.0,0.0,0,0
5.05,88.2958,0.0,19.5106,89.0912,23.5464,1.1639,-1,-1,-1,-1,0.0151,23.5437,0.3544,-0.1622,0.0377,0.0377,5754.7809,-1010.7661,0.0,0.0,3723.0604,3478.0496,0.0,0.0,0.0,0,0
5.1,89.4816,0.0,19.9987,90.1719,23.7164,1.1537,-1,-1,-1,-1,-0.0071,23.7158,-0.1679,-0.2044,-0.2025,-0.2025,-6001.378,-3886.4824,0.0,3791.0,3722.9392,3477.7658,-0.1963,1.0,0.0,0,0
5.15,90.6668,0.0,20.4682,91.2601,23.7027,1.1513,-1,-1,-1,-1,0.0122,23.701,0.2892,-0.0479,0.0182,0.0182,4085.4559,-1144.8598,0.0,0.0,3725.0541,3482.7185,0.0,0.0,0.0,0,0
5.2,91.8468,0.0,20.9685,92.3288,23.5999,1.1448,-1,-1,-1,-1,-0.0119,23.5983,-0.2813,-0.1293,-0.2059,-0.2059,-6004.5125,-2703.0577,0.0,0.0,3724.8837,3482.3194,-0.1963,0.0,0.0,0,0
5.25,93.0358,0.0,21.5,93.3924,23.7802,1.1285,-1,-1,-1,-1,-0.021,23.7749,-0.5001,-0.3267,-0.1773,-0.1773,-6002.449,798.3742,0.0,3791.0,3723.6036,3479.3217,-0.1963,1.0,0.0,0,0
5.3,94.2339,0.0,22.0634,94.4498,23.9635,1.1033,-1,-1,-1,-1,-0.0221,23.9577,-0.5296,-0.5033,-0.1576,-0.1576,-6006.073,166.0318,0.0,3791.0,3725.8517,3484.5865,-0.1963,1.0,0.0,0,0
5.35,95.4414,0.0,22.6617,95.4987,24.1501,1.0724,-1,-1,-1,-1,-0.02,24.1452,-0.483,-0.6172,-0.1471,-0.1471,-6009.7868,-1726.4742,0.0,3791.0,3728.1556,3489.9817,-0.1963,1.0,0.0,0,0
5.4,96.6583,0.0,23.2965,96.5369,24.3372,1.0381,-1,-1,-1,-1,-0.016,24.3341,-0.3906,-0.6876,-0.1433,-0.1433,-6013.5953,-3044.6411,0.0,3791.0,3730.5182,3495.5145,-0.1963,1.0,0.0,0,0
5.45,97.8844,0.0,23.9687,97.5623,24.5226,1.0016,-1,-1,-1,-1,-0.0111,24.5211,-0.272,-0.7286,-0.1438,-0.1438,-6017.4455,-3935.9446,0.0,3791.0,3732.9066,3501.1078,-0.1963,1.0,0.0,0,0
5.5,99.1176,0.0,24.6775,98.5714,24.6637,0.9641,-1,-1,-1,-1,-0.0057,24.6633,-0.1405,-0.75,-0.1469,-0.1469,-6021.2894,-4532.1497,0.0,3229.5796,3735.2912,3506.6921,-0.1963,1.0,0.0,0,0
5.55,100.3509,0.0,25.3663,99.5945,24.6657,0.9434,-1,-1,-1,-1,0.0349,24.6507,0.8595,-0.4137,0.045,0.045,5958.9787,-4929.0297,0.0,0.0,3737.1181,3510.9705,0.0,0.0,0.0,0,0
5.6,101.5806,0.0,26.0864,100.5912,24.5937,0.9233,-1,-1,-1,-1,0.0218,24.5879,0.5356,-0.4026,-0.2095,-0.2095,-6024.2754,-5513.7909,0.0,803.3348,3737.1436,3511.0301,-0.1963,1.0,0.0,0,0
5.65,102.8114,0.0,26.8398,101.5645,24.6163,0.9032,-1,-1,-1,-1,0.0089,24.6154,0.2185,-0.4013,-0.197,-0.197,-6022.7712,-5218.6162,0.0,1942.8452,3736.2105,3508.8449,-0.1963,1.0,0.0,0,0
5.7,104.0368,0.0,27.6205,102.509,24.5074,0.8821,-1,-1,-1,-1,-0.0021,24.5074,-0.0507,-0.4222,-0.1841,-0.1841,-6023.2434,-4547.2626,0.0,0.0,3736.5034,3509.5309,-0.1963,0.0,0.0,0,0
5.75,105.2571,0.0,28.4268,103.425,24.4062,0.8586,-1,-1,-1,-1,-0.0096,24.4051,-0.235,-0.4709,-0.172,-0.172,-6020.9736,-3707.1098,0.0,0.0,3735.0953,3506.2334,-0.1963,0.0,0.0,0,0
5.8,106.4726,0.0,29.2574,104.3124,24.3095,0.8318,-1,-1,-1,-1,-0.0133,24.3074,-0.3241,-0.5366,-0.1618,-0.1618,-6018.8721,-3189.0241,0.0,0.0,3733.7917,3503.1805,-0.1963,0.0,0.0,0,0
5.85,107.6833,0.0,30.1116,105.1705,24.2154,0.8017,-1,-1,-1,-1,-0.014,24.213,-0.3389,-0.6008,-0.1545,-0.1545,-6016.874,-3237.8429,0.0,0.0,3732.5521,3500.2776,-0.1963,0.0,0.0,0,0
5.9,108.8894,0.0,30.9888,105.9983,24.1222,0.7691,-1,-1,-1,-1,-0.0127,24.1203,-0.3068,-0.652,-0.1503,-0.1503,-6014.9354,-3624.6796,0.0,0.0,3731.3495,3497.4613,-0.1963,0.0,0.0,0,0
5.95,110.1046,0.0,31.8987,106.8036,24.3034,0.7347,-1,-1,-1,-1,-0.0102,24.3021,-0.2484,-0.6882,-0.1487,-0.1487,-6013.0251,-4074.9611,0.0,3762.1204,3730.1645,3494.6862,-0.1963,1.0,0.0,0,0
6.0,111.315,0.0,32.8306,107.5762,24.2082,0.6991,-1,-1,-1,-1,-0.0069,24.2076,-0.1671,-0.7125,-0.1495,-0.1495,-6016.7481,-4441.3458,0.0,0.0,3732.474,3500.0948,-0.1963,0.0,0.0,0,0
6.05,112.5206,0.0,33.7834,108.3147,24.1109,0.6628,-1,-1,-1,-1,-0.0035,24.1107,-0.0836,-0.7257,-0.1514,-0.1514,-6014.7887,-4771.5187,0.0,0.0,3731.2585,3497.2482,-0.1963,0.0,0.0,0,0
6.1,113.7211,0.0,34.7563,109.0181,24.011,0.6262,-1,-1,-1,-1,-0.0002,24.011,-0.0043,-0.7313,-0.154,-0.154,-6012.7924,-5002.2111,0.0,0.0,3730.0201,3494.3481,-0.1963,0.0,0.0,0,0
6.15,114.9166,0.0,35.748,109.6857,23.9087,0.5897,-1,-1,-1,-1,0.0028,23.9086,0.0668,-0.7316,-0.1568,-0.1568,-6010.754,-5158.1543,0.0,0.0,3728.7556,3491.3868,-0.1963,0.0,0.0,0,0
6.2,116.1005,0.0,36.7519,110.3131,23.6783,0.5532,-1,-1,-1,-1,0.0054,23.6779,0.1273,-0.7285,-0.1596,-0.1596,-6008.6739,-5260.7002,-0.3727,-1724.1575,3727.4652,3488.365,-0.1963,0.0,-1.0,0,0
6.25,117.2737,0.0,37.7676,110.9006,23.4651,0.5171,-1,-1,-1,-1,0.0073,23.4645,0.1709,-0.723,-0.162,-0.162,-6004.0207,-5328.1687,-0.3725,-1462.7499,3724.5786,3481.605,-0.1963,0.0,-1.0,0,0
6.3,118.4416,0.0,38.7981,111.4499,23.3575,0.4813,-1,-1,-1,-1,0.0085,23.3567,0.1981,-0.7161,-0.1638,-0.1638,-5999.7572,-5363.8054,0.0,0.0,3721.9337,3475.4112,-0.1963,0.0,0.0,0,0
6.35,119.6041,0.0,39.8423,111.9608,23.2491,0.4458,-1,-1,-1,-1,0.0091,23.2482,0.2125,-0.7088,-0.1652,-0.1652,-5997.6196,-5378.5265,0.0,0.0,3720.6077,3472.3058,-0.1963,0.0,0.0,0,0
6.4,120.7568,0.0,40.8949,112.4309,23.0556,0.4108,-1,-1,-1,-1,0.0093,23.0546,0.2143,-0.7013,-0.1661,-0.1661,-5995.4756,-5381.7423,-0.3719,-1161.2712,3719.2777,3469.1911,-0.1963,0.0,-1.0,0,0
6.45,121.9,0.0,41.9544,112.8601,22.8632,0.3761,-1,-1,-1,-1,0.0088,22.8623,0.2014,-0.6938,-0.1663,-0.1663,-5991.6725,-5375.6052,-0.3717,-1148.0842,3716.9184,3463.6661,-0.1963,0.0,-1.0,0,0
6.5,123.0378,0.0,43.0234,113.2496,22.7553,0.3417,-1,-1,-1,-1,0.0077,22.7546,0.1747,-0.6869,-0.1659,-0.1659,-5987.9236,-5358.2493,0.0,0.0,3714.5928,3458.2199,-0.1963,0.0,0.0,0,0
6.55,124.1702,0.0,44.1006,113.5992,22.6486,0.3077,-1,-1,-1,-1,0.0061,22.6482,0.1388,-0.6809,-0.165,-0.165,-5985.8361,-5328.1833,0.0,0.0,3713.2978,3455.1873,-0.1963,0.0,0.0,0,0
6.6,125.2974,0.0,45.1844,113.9087,22.5434,0.2739,-1,-1,-1,-1,0.0042,22.5432,0.0955,-0.6762,-0.1636,-0.1636,-5983.7802,-5286.612,0.0,0.0,3712.0225,3452.2006,-0.1963,0.0,0.0,0,0
6.65,126.4135,0.0,46.2679,114.1766,22.3225,0.2402,-1,-1,-1,-1,0.0021,22.3225,0.0475,-0.6732,-0.1618,-0.1618,-5981.7621,-5232.6904,-0.3711,-1607.3309,3710.7705,3449.2688,-0.1963,0.0,-1.0,0,0
6.7,127.5181,0.0,47.3491,114.4029,22.0922,0.2066,-1,-1,-1,-1,-0.0003,22.0922,-0.0065,-0.6721,-0.1595,-0.1595,-5977.5576,-5171.3103,-0.3708,-1765.2422,3708.1623,3443.1606,-0.1963,0.0,-1.0,0,0
6.75,128.6178,0.0,48.4329,114.589,21.9931,0.173,-1,-1,-1,-1,-0.0029,21.993,-0.0638,-0.6734,-0.1567,-0.1567,-5973.2174,-5096.9462,0.0,0.0,3705.4698,3436.8554,-0.1963,0.0,0.0,0,0
6.8,129.7126,0.0,49.5179,114.735,21.8962,0.1391,-1,-1,-1,-1,-0.0053,21.8959,-0.1161,-0.6777,-0.1539,-0.1539,-5971.3636,-5005.4604,0.0,0.0,3704.3198,3434.1623,-0.1963,0.0,0.0,0,0
6.85,130.8026,0.0,50.6028,114.8411,21.8013,0.1048,-1,-1,-1,-1,-0.0074,21.8007,-0.1606,-0.6847,-0.1511,-0.1511,-5969.5591,-4919.3989,0.0,0.0,3703.2004,3431.5408,-0.1963,0.0,0.0,0,0
6.9,131.888,0.0,51.6862,114.9074,21.7081,0.0701,-1,-1,-1,-1,-0.009,21.7073,-0.1955,-0.694,-0.1484,-0.1484,-5967.7997,-4850.4763,0.0,0.0,3702.109,3428.9848,-0.1963,0.0,0.0,0,0
6.95,132.9735,0.0,52.7681,114.9958,21.7097,0.052,-1,-1,-1,-1,0.0296,21.7002,0.6415,-0.3618,0.0503,0.0503,5955.621,-4807.1075,0.0,0.0,3701.0419,3426.486,0.0,0.0,0.0,0,0
7.0,134.0575,0.0,53.85,115.0631,21.6802,0.0396,-1,-1,-1,-1,0.0225,21.6747,0.487,-0.2483,-0.008,-0.008,-2168.5163,-5327.6321,0.0,0.0,3701.0594,3426.5268,0.0,0.0,0.0,0,0
7.05,135.136,0.0,54.9281,115.0907,21.5699,0.0268,-1,-1,-1,-1,-0.0012,21.5699,-0.0263,-0.257,-0.204,-0.204,-5965.565,-4867.8547,0.0,0.0,3700.7227,3425.7384,-0.1963,0.0,0.0,0,0
7.1,136.2098,0.0,56.0019,115.0823,21.4751,0.0102,-1,-1,-1,-1,-0.0179,21.4716,-0.3843,-0.3323,-0.1797,-0.1797,-5963.5413,-2853.05,0.0,0.0,3699.4673,3422.7984,-0.1963,0.0,0.0,0,0
7.15,137.2791,0.0,57.0704,115.0418,21.3861,-0.0133,-1,-1,-1,-1,-0.0247,21.3796,-0.5281,-0.4686,-0.1585,-0.1585,-5961.809,-1010.2707,0.0,0.0,3698.3927,3420.2818,-0.1963,0.0,0.0,0,0
7.2,138.3441,0.0,58.1329,114.9681,21.3011,-0.0427,-1,-1,-1,-1,-0.0265,21.2936,-0.5637,-0.5885,-0.1434,-0.1434,-5960.1905,-1506.2278,0.0,0.0,3697.3887,3417.9306,-0.1963,0.0,0.0,0,0
7.25,139.4051,0.0,59.1883,114.8598,21.2192,-0.0764,-1,-1,-1,-1,-0.026,21.212,-0.5511,-0.6732,-0.1342,-0.1342,-5958.6508,-2566.6824,0.0,0.0,3696.4335,3415.6937,-0.1963,0.0,0.0,0,0
7.3,140.462,0.0,60.2353,114.7153,21.1387,-0.1129,-1,-1,-1,-1,-0.0242,21.1325,-0.5119,-0.7301,-0.1294,-0.1294,-5957.1729,-3401.8111,0.0,0.0,3695.5167,3413.5468,-0.1963,0.0,0.0,0,0
7.35,141.5149,0.0,61.2725,114.5341,21.0582,-0.1512,-1,-1,-1,-1,-0.0218,21.0532,-0.4587,-0.7673,-0.1276,-0.1276,-5955.7264,-3999.0282,0.0,0.0,3694.6194,3411.4454,-0.1963,0.0,0.0,0,0
7.4,142.5638,0.0,62.2983,114.3156,20.9768,-0.1908,-1,-1,-1,-1,-0.0191,20.973,-0.3997,-0.7906,-0.1275,-0.1275,-5954.2857,-4416.3448,0.0,0.0,3693.7256,3409.3524,-0.1963,0.0,0.0,0,0
7.45,143.6085,0.0,63.3113,114.0599,20.8938,-0.231,-1,-1,-1,-1,-0.0163,20.8911,-0.3402,-0.8043,-0.1287,-0.1287,-5952.8335,-4704.8182,0.0,0.0,3692.8247,3407.2426,-0.1963,0.0,0.0,0,0
7.5,144.6535,0.0,64.3295,113.8249,20.8999,-0.2544,-1,-1,-1,-1,0.0276,20.8919,0.5764,-0.4691,0.066,0.066,5951.3598,-4902.5363,0.0,0.0,3691.9105,3405.1017,0.0,0.0,0.0,0,0
7.55,145.6973,0.0,65.3448,113.5824,20.8775,-0.2683,-1,-1,-1,-1,0.0338,20.8655,0.7063,-0.2784,0.0014,0.0014,438.467,-5372.8098,0.0,0.0,3691.9768,3405.2569,0.0,0.0,0.0,0,0
7.6,146.7353,0.0,66.3443,113.3024,20.759,-0.282,-1,-1,-1,-1,0.0089,20.7582,0.1846,-0.2727,-0.2129,-0.2129,-5951.0701,-5288.901,0.0,0.0,3691.7308,3404.6808,-0.1963,0.0,0.0,0,0
7.65,147.7726,0.0,67.344,113.0259,20.7455,-0.2856,-1,-1,-1,-1,0.0157,20.743,0.3261,-0.0724,0.0081,0.0081,2188.0668,-4126.4193,0.0,0.0,3690.4319,3401.6389,0.0,0.0,0.0,0,0
7.7,148.8049,0.0,68.3286,112.7156,20.6462,-0.2921,-1,-1,-1,-1,-0.0132,20.6444,-0.273,-0.1291,-0.2076,-0.2076,-5948.7394,-3402.8081,0.0,0.0,3690.285,3401.2949,-0.1963,0.0,0.0,0,0
7.75,149.8326,0.0,69.2999,112.3797,20.5552,-0.3084,-1,-1,-1,-1,-0.0246,20.549,-0.5049,-0.326,-0.175,-0.175,-5946.9952,829.7019,0.0,0.0,3689.203,3398.7611,-0.1963,0.0,0.0,0,0
7.8,150.86,0.0,70.2805,112.0732,20.5467,-0.3165,-1,-1,-1,-1,0.0136,20.5448,0.2784,-0.1633,0.0451,0.0451,5890.5221,253.0647,0.0,0.0,3688.2154,3396.4484,0.0,0.0,0.0,0,0
7.85,151.8823,0.0,71.2445,111.7328,20.4471,-0.3268,-1,-1,-1,-1,-0.0128,20.4454,-0.261,-0.2049,-0.1996,-0.1996,-5945.2548,-3857.716,0.0,0.0,3688.1233,3396.2327,-0.1963,0.0,0.0,0,0
7.9,152.9002,0.0,72.1935,111.3649,20.3575,-0.3448,-1,-1,-1,-1,-0.025,20.3512,-0.5084,-0.3599,-0.1706,-0.1706,-5943.5229,-428.9774,0.0,0.0,3687.0489,3393.7166,-0.1963,0.0,0.0,0,0
7.95,153.9177,0.0,73.1527,111.0252,20.3499,-0.3538,-1,-1,-1,-1,0.0134,20.3481,0.2724,-0.1802,0.0478,0.0478,5917.249,-238.1419,0.0,0.0,3686.0868,3391.4635,0.0,0.0,0.0,0,0
8.0,154.9302,0.0,74.0939,110.6521,20.2505,-0.3647,-1,-1,-1,-1,-0.0128,20.2489,-0.259,-0.2181,-0.1983,-0.1983,-5941.8413,-3963.5233,0.0,0.0,3686.0058,3391.2737,-0.1963,0.0,0.0,0,0
8.05,155.9423,0.0,75.0435,110.302,20.2416,-0.3672,-1,-1,-1,-1,0.014,20.2396,0.2829,-0.05,0.0267,0.0267,5049.508,-650.7375,0.0,0.0,3684.9434,3388.7857,0.0,0.0,0.0,0,0
8.1,156.9537,0.0,75.9853,109.9334,20.2271,-0.3687,-1,-1,-1,-1,-0.0044,20.2269,-0.0888,-0.0308,-0.0108,-0.0108,-2774.5283,-3010.1527,0.0,0.0,3684.8483,3388.5632,0.0,0.0,0.0,0,0
8.15,157.9644,0.0,76.9301,109.5742,20.2153,-0.3684,-1,-1,-1,-1,0.0052,20.215,0.1052,0.0056,0.0064,0.0064,1774.1263,455.5823,0.0,0.0,3684.6935,3388.2005,0.0,0.0,0.0,0,0
8.2,158.9705,0.0,77.8589,109.1873,20.1223,-0.375,-1,-1,-1,-1,-0.0198,20.1184,-0.3975,-0.131,-0.2019,-0.2019,-5939.5231,-983.0513,0.0,0.0,3684.5677,3387.906,-0.1963,0.0,0.0,0,0
8.25,159.9761,0.0,78.7983,108.8287,20.1107,-0.3772,-1,-1,-1,-1,0.0126,20.1091,0.2527,-0.0448,0.0282,0.0282,5170.7746,1931.7603,0.0,0.0,3683.5811,3385.5956,0.0,0.0,0.0,0,0
8.3,160.9768,0.0,79.7201,108.4392,20.0148,-0.3833,-1,-1,-1,-1,-0.0165,20.0121,-0.3301,-0.1219,-0.206,-0.206,-5937.734,-2778.5512,0.0,0.0,3683.4578,3385.3069,-0.1963,0.0,0.0,0,0
8.35,161.973,0.0,80.627,108.0269,19.9247,-0.4003,-1,-1,-1,-1,-0.0263,19.9178,-0.5249,-0.3401,-0.172,-0.172,-5936.1016,1483.5185,0.0,0.0,3682.4452,3382.9353,-0.1963,0.0,0.0,0,0
8.4,162.965,0.0,81.5176,107.59,19.8394,-0.4262,-1,-1,-1,-1,-0.0299,19.8305,-0.5927,-0.5174,-0.148,-0.148,-5934.5745,251.6665,0.0,0.0,3681.4978,3380.7169,-0.1963,0.0,0.0,0,0
8.45,163.953,0.0,82.3896,107.1255,19.7597,-0.4577,-1,-1,-1,-1,-0.0317,19.7498,-0.6264,-0.631,-0.1328,-0.1328,-5933.135,-1671.8673,0.0,0.0,3680.6048,3378.6256,-0.1963,0.0,0.0,0,0
8.5,164.9372,0.0,83.2412,106.6322,19.6836,-0.4932,-1,-1,-1,-1,-0.0318,19.6736,-0.6262,-0.71,-0.1234,-0.1234,-5931.7966,-2716.4856,0.0,0.0,3679.7746,3376.6813,-0.1963,0.0,0.0,0,0
8.55,165.9176,0.0,84.0707,106.1095,19.6093,-0.5315,-1,-1,-1,-1,-0.0308,19.6,-0.6045,-0.7645,-0.118,-0.118,-5930.522,-3452.9457,0.0,0.0,3678.9839,3374.8296,-0.1963,0.0,0.0,0,0
8.6,166.8944,0.0,84.8765,105.5574,19.5357,-0.5715,-1,-1,-1,-1,-0.0292,19.5274,-0.57,-0.8016,-0.1153,-0.1153,-5929.2839,-3976.5825,0.0,0.0,3678.2158,3373.0309,-0.1963,0.0,0.0,0,0
8.65,167.8675,0.0,85.657,104.9762,19.4618,-0.6129,-1,-1,-1,-1,-0.0272,19.4546,-0.5292,-0.8264,-0.1143,-0.1143,-5928.0608,-4349.0157,0.0,0.0,3677.4571,3371.2541,-0.1963,0.0,0.0,0,0
8.7,168.8369,0.0,86.4107,104.3666,19.387,-0.655,-1,-1,-1,-1,-0.0251,19.3809,-0.4864,-0.8424,-0.1144,-0.1144,-5926.8377,-4613.381,0.0,0.0,3676.6983,3369.4772,-0.1963,0.0,0.0,0,0
8.75,169.8024,0.0,87.1362,103.7295,19.3111,-0.6976,-1,-1,-1,-1,-0.023,19.306,-0.4447,-0.8521,-0.1152,-0.1152,-5925.6053,-4800.3591,0.0,0.0,3675.9338,3367.6868,-0.1963,0.0,0.0,0,0
8.8,170.7684,0.0,87.8749,103.1072,19.3192,-0.7234,-1,-1,-1,-1,0.0233,19.3139,0.4503,-0.5167,0.0799,0.0799,5924.3585,-4931.8791,0.0,0.0,3675.1604,3365.8756,0.0,0.0,0.0,0,0
8.85,171.7288,0.0,88.583,102.4583,19.2074,-0.7489,-1,-1,-1,-1,0.0071,19.207,0.1363,-0.509,-0.1851,-0.1851,-5924.4914,-5326.7043,0.0,0.0,3675.2428,3366.0686,-0.1963,0.0,0.0,0,0
8.9,172.6842,0.0,89.2601,101.7842,19.1091,-0.7744,-1,-1,-1,-1,-0.0088,19.1083,-0.1691,-0.5097,-0.1692,-0.1692,-5922.6648,-5071.4592,0.0,0.0,3674.1096,3363.4149,-0.1963,0.0,0.0,0,0
8.95,173.6353,0.0,89.9067,101.0868,19.0222,-0.8012,-1,-1,-1,-1,-0.022,19.0176,-0.4184,-0.5365,-0.153,-0.153,-5921.065,-4279.8821,0.0,0.0,3673.1173,3361.0909,-0.1963,0.0,0.0,0,0
9.0,174.5824,0.0,90.5239,100.3683,18.9424,-0.8311,-1,-1,-1,-1,-0.03,18.9338,-0.5689,-0.5976,-0.1379,-0.1379,-5919.6591,-3245.9484,0.0,0.0,3672.2451,3359.0485,-0.1963,0.0,0.0,0,0
9.05,175.5258,0.0,91.1115,99.6304,18.8667,-0.8646,-1,-1,-1,-1,-0.0337,18.856,-0.6356,-0.6714,-0.1256,-0.1256,-5918.3741,-2860.0174,0.0,0.0,3671.448,3357.1817,-0.1963,0.0,0.0,0,0
9.1,176.4655,0.0,91.6685,98.8735,18.7941,-0.9014,-1,-1,-1,-1,-0.0349,18.7826,-0.6561,-0.7356,-0.1168,-0.1168,-5917.1602,-3149.6361,0.0,0.0,3670.6949,3355.4182,-0.1963,0.0,0.0,0,0
9.15,177.4016,0.0,92.1935,98.0984,18.7235,-0.9407,-1,-1,-1,-1,-0.0348,18.7121,-0.6515,-0.7849,-0.111,-0.111,-5915.9993,-3599.0736,0.0,0.0,3669.9748,3353.7317,-0.1963,0.0,0.0,0,0
9.2,178.3381,0.0,92.7361,97.3352,18.7287,-0.9647,-1,-1,-1,-1,0.0119,18.7274,0.2227,-0.4807,0.0888,0.0888,5914.8751,-3998.0612,0.0,0.0,3669.2774,3352.0986,0.0,0.0,0.0,0,0
9.25,179.2742,0.0,93.2879,96.579,18.7221,-0.9737,-1,-1,-1,-1,0.0333,18.7117,0.6233,-0.1802,0.0213,0.0213,4472.095,-5150.4566,0.0,0.0,3669.3291,3352.2196,0.0,0.0,0.0,0,0
9.3,180.209,0.0,93.8121,95.805,18.696,-0.9807,-1,-1,-1,-1,0.0052,18.6958,0.0975,-0.1397,-0.0209,-0.0209,-4418.062,-5096.1811,0.0,0.0,3669.2639,3352.0669,0.0,0.0,0.0,0,0
9.35,181.1432,0.0,94.3364,95.0318,18.6852,-0.9811,-1,-1,-1,-1,0.0062,18.6848,0.1158,-0.0089,0.0044,0.0044,1284.5113,-2823.2379,0.0,0.0,3669.0073,3351.4661,0.0,0.0,0.0,0,0
9.4,182.077,0.0,94.8515,94.2529,18.6747,-0.9816,-1,-1,-1,-1,-0.0049,18.6745,-0.0913,-0.0093,-0.0056,-0.0056,-1578.7351,-1372.9478,0.0,0.0,3668.9005,3351.2159,0.0,0.0,0.0,0,0
9.45,183.0063,0.0,95.3412,93.4632,18.5854,-0.9919,-1,-1,-1,-1,-0.0239,18.5801,-0.4433,-0.2062,-0.1908,-0.1908,-5914.1018,860.1192,0.0,0.0,3668.7977,3350.9752,-0.1963,0.0,0.0,0,0
9.5,183.9312,0.0,95.8064,92.6637,18.499,-1.0131,-1,-1,-1,-1,-0.0307,18.4903,-0.5672,-0.4235,-0.1582,-0.1582,-5912.6889,1477.8779,0.0,0.0,3667.9212,3348.9226,-0.1963,0.0,0.0,0,0
9.55,184.8522,0.0,96.2432,91.8529,18.4194,-1.0416,-1,-1,-1,-1,-0.0351,18.4081,-0.6465,-0.5702,-0.1361,-0.1361,-5911.3298,-652.949,0.0,0.0,3667.078,3346.948,-0.1963,0.0,0.0,0,0
9.6,185.7694,0.0,96.6487,91.0302,18.3453,-1.0752,-1,-1,-1,-1,-0.0376,18.3323,-0.6904,-0.6724,-0.1213,-0.1213,-5910.0831,-1995.9238,0.0,0.0,3666.3047,3345.137,-0.1963,0.0,0.0,0,0
9.65,186.6832,0.0,97.021,90.1957,18.2751,-1.1125,-1,-1,-1,-1,-0.0386,18.2615,-0.705,-0.7464,-0.1115,-0.1115,-5908.9279,-2848.6932,0.0,0.0,3665.588,3343.4586,-0.1963,0.0,0.0,0,0
9.7,187.5936,0.0,97.3585,89.3502,18.2073,-1.1525,-1,-1,-1,-1,-0.0385,18.1939,-0.6999,-0.7996,-0.1052,-0.1052,-5907.8367,-3472.8046,0.0,0.0,3664.9111,3341.8735,-0.1963,0.0,0.0,0,0
9.75,188.5172,0.0,97.7205,88.5005,18.4725,-1.1774,-1,-1,-1,-1,0.0093,18.4717,0.1717,-0.4979,0.095,0.095,5906.7874,-3931.0162,0.0,3556.562,3664.2602,3340.349,0.0,1.0,0.0,0,0
9.8,189.4456,0.0,98.0968,87.6517,18.5686,-1.1867,-1,-1,-1,-1,0.0332,18.5584,0.6171,-0.1848,0.0256,0.0256,4930.4963,-5127.4127,0.0,1382.9799,3666.8204,3346.3448,0.0,1.0,0.0,0,0
9.85,190.3782,0.0,98.4447,86.7865,18.651,-1.1938,-1,-1,-1,-1,0.0053,18.6507,0.0982,-0.1423,-0.0204,-0.0204,-4355.8286,-5103.1022,0.0,1482.6802,3667.7574,3348.539,0.0,1.0,0.0,0,0
9.9,191.324,0.0,98.7981,85.9091,18.9169,-1.1942,-1,-1,-1,-1,0.0063,18.9165,0.1188,-0.0091,0.0046,0.0046,1324.7943,-2859.8489,0.0,3791.0,3668.5645,3350.4291,0.0,1.0,0.0,0,0
9.95,192.2832,0.0,99.1461,85.0154,19.1829,-1.1947,-1,-1,-1,-1,-0.0047,19.1827,-0.0907,-0.0095,-0.0057,-0.0057,-1599.0003,-1389.5397,0.0,3791.0,3671.1939,3356.5868,0.0,1.0,0.0,0,0
10.0,193.2556,0.0,99.5078,84.1127,19.4488,-1.1943,-1,-1,-1,-1,0.0046,19.4486,0.0902,0.0073,0.0054,0.0054,1524.8973,828.8253,0.0,3791.0,3673.8614,3362.8335,0.0,1.0,0.0,0,0
10.05,194.2413,0.0,99.8659,83.1943,19.7144,-1.1947,-1,-1,-1,-1,-0.0043,19.7142,-0.0854,-0.0071,-0.0051,-0.0051,-1462.2828,-845.561,0.0,3791.0,3676.5655,3369.1662,0.0,1.0,0.0,0,0
10.1,195.2403,0.0,100.2369,82.2668,19.9797,-1.1944,-1,-1,-1,-1,0.004,19.9795,0.0798,0.0067,0.0048,0.0048,1377.0093,789.4903,0.0,3791.0,3679.3035,3375.5781,0.0,1.0,0.0,0,0
10.15,196.2525,0.0,100.6053,81.324,20.2447,-1.1947,-1,-1,-1,-1,-0.0036,20.2445,-0.0736,-0.0062,-0.0044,-0.0044,-1279.4923,-730.6658,0.0,3791.0,3682.0754,3382.0694,0.0,1.0,0.0,0,0
10.2,197.274,0.0,100.9503,80.3625,20.4295,-1.2045,-1,-1,-1,-1,-0.0217,20.4246,-0.4438,-0.1975,-0.1923,-0.1923,-5940.0281,667.3723,0.0,3791.0,3684.8809,3388.6396,-0.1963,1.0,0.0,0,0
10.25,198.3048,0.0,101.2729,79.3835,20.6164,-1.2253,-1,-1,-1,-1,-0.0272,20.6088,-0.5599,-0.4157,-0.1621,-0.1621,-5943.2172,1475.7398,0.0,3791.0,3686.8593,3393.2726,-0.1963,1.0,0.0,0,0
10.3,199.3453,0.0,101.5688,78.386,20.8086,-1.2537,-1,-1,-1,-1,-0.0287,20.8,-0.5971,-0.5669,-0.1432,-0.1432,-5946.4737,-545.9985,0.0,3791.0,3688.8794,3398.0034,-0.1963,1.0,0.0,0,0
10.35,200.3955,0.0,101.8345,77.37,21.0045,-1.2869,-1,-1,-1,-1,-0.0281,20.9962,-0.5902,-0.6652,-0.1325,-0.1325,-5949.8509,-2146.8359,0.0,3791.0,3690.9745,3402.9097,-0.1963,1.0,0.0,0,0
10.4,201.4457,0.0,102.1242,76.3604,21.0052,-1.3063,-1,-1,-1,-1,0.0149,21.0028,0.3135,-0.3884,0.069,0.069,5953.3267,-3140.1049,0.0,0.0,3693.1307,3407.9591,0.0,0.0,0.0,0,0
10.45,202.4953,0.0,102.4163,75.3524,20.9905,-1.3141,-1,-1,-1,-1,0.0254,20.9838,0.5324,-0.1541,0.009,0.009,2389.6512,-4977.9217,0.0,0.0,3693.1385,3407.9773,0.0,0.0,0.0,0,0
10.5,203.5436,0.0,102.681,74.338,20.9669,-1.3194,-1,-1,-1,-1,0.0039,20.9667,0.0811,-0.1067,-0.0159,-0.0159,-3712.1572,-4685.895,0.0,0.0,3692.9765,3407.5981,0.0,0.0,0.0,0,0
10.55,204.6011,0.0,102.9147,73.3067,21.1489,-1.3297,-1,-1,-1,-1,-0.0184,21.1453,-0.3886,-0.2057,-0.1936,-0.1936,-5952.657,-2128.4695,0.0,3791.0,3692.7153,3406.9862,-0.1963,1.0,0.0,0,0
10.6,205.6678,0.0,103.1222,72.2603,21.3348,-1.3498,-1,-1,-1,-1,-0.0251,21.3281,-0.5365,-0.403,-0.1654,-0.1654,-5955.9094,835.4114,0.0,3791.0,3694.7329,3411.7112,-0.1963,1.0,0.0,0,0
10.65,206.744,0.0,103.3007,71.199,21.525,-1.3775,-1,-1,-1,-1,-0.0267,21.5173,-0.5752,-0.5537,-0.1468,-0.1468,-5959.2609,-573.141,0.0,3791.0,3696.812,3416.5801,-0.1963,1.0,0.0,0,0
10.7,207.83,0.0,103.4466,70.1229,21.7187,-1.4102,-1,-1,-1,-1,-0.0258,21.7114,-0.5601,-0.6537,-0.1364,-0.1364,-5962.7203,-2106.2901,0.0,3791.0,3698.958,3421.6057,-0.1963,1.0,0.0,0,0
10.75,208.9257,0.0,103.5576,69.0329,21.9135,-1.4462,-1,-1,-1,-1,-0.0231,21.9076,-0.507,-0.7195,-0.1317,-0.1317,-5966.2734,-3143.6401,0.0,3791.0,3701.1621,3426.7675,-0.1963,1.0,0.0,0,0
10.8,210.031,0.0,103.6318,67.93,22.1076,-1.4842,-1,-1,-1,-1,-0.0194,22.1034,-0.4291,-0.7612,-0.1308,-0.1308,-5969.8805,-3875.1995,0.0,3791.0,3703.3998,3432.0077,-0.1963,1.0,0.0,0,0
10.85,211.1366,0.0,103.7293,66.8287,22.1117,-1.5063,-1,-1,-1,-1,0.0239,22.1054,0.5276,-0.4423,0.0639,0.0639,5973.5064,-4391.2069,0.0,0.0,3705.6492,3437.2753,0.0,0.0,0.0,0,0
10.9,212.2411,0.0,103.8203,65.728,22.0896,-1.5188,-1,-1,-1,-1,0.0304,22.0794,0.6716,-0.2482,0.002,0.002,604.1705,-5328.2961,0.0,0.0,3705.6968,3437.3868,0.0,0.0,0.0,0,0
10.95,213.3503,0.0,103.8826,64.6205,22.1841,-1.528,-1,-1,-1,-1,0.0134,22.1821,0.2966,-0.1847,-0.0159,-0.0159,-3716.428,-5176.3937,0.0,1718.4246,3705.4393,3436.7838,0.0,1.0,0.0,0,0
11.0,214.4682,0.0,103.9072,63.5029,22.3575,-1.5393,-1,-1,-1,-1,-0.0095,22.3565,-0.2118,-0.2253,-0.199,-0.199,-5974.9437,-3911.6974,0.0,3791.0,3706.5408,3439.3633,-0.1963,1.0,0.0,0,0
11.05,215.5952,0.0,103.8991,62.3759,22.5407,-1.5572,-1,-1,-1,-1,-0.0208,22.5358,-0.4681,-0.3592,-0.1738,-0.1738,-5978.2217,-1097.3745,0.0,3791.0,3708.5742,3444.1254,-0.1963,1.0,0.0,0,0
11.1,216.7218,0.0,103.9209,61.2496,22.5316,-1.5657,-1,-1,-1,-1,0.0143,22.5293,0.3216,-0.1701,0.0414,0.0414,5851.6622,-578.1577,0.0,0.0,3710.7385,3449.1937,0.0,0.0,0.0,0,0
11.15,217.8474,0.0,103.9289,60.124,22.512,-1.5697,-1,-1,-1,-1,0.006,22.5116,0.134,-0.079,-0.0045,-0.0045,-1301.8137,-3892.901,0.0,0.0,3710.6305,3448.9408,0.0,0.0,0.0,0,0
11.2,218.982,0.0,103.9642,58.9899,22.6932,-1.5616,-1,-1,-1,-1,0.022,22.6877,0.4983,0.1607,0.1949,0.1949,5981.1625,-2093.7943,0.0,3791.0,3710.3986,3448.3977,0.1963,1.0,0.0,0,0
11.25,220.1258,0.0,104.027,57.8478,22.8756,-1.5415,-1,-1,-1,-1,0.0257,22.8681,0.5871,0.4025,0.1652,0.1652,5984.6378,-2155.214,0.0,3791.0,3712.5545,3453.4464,0.1963,1.0,0.0,0,0
11.3,221.2692,0.0,104.0583,56.7049,22.8665,-1.5301,-1,-1,-1,-1,-0.0133,22.8645,-0.3039,0.2272,-0.0484,-0.0484,-5964.9308,63.5231,0.0,0.0,3714.7425,3458.5705,0.0,0.0,0.0,0,0
11.35,222.4115,0.0,104.0975,55.5632,22.8471,-1.5254,-1,-1,-1,-1,-0.011,22.8457,-0.2523,0.0945,0.0004,0.0004,137.3892,4128.4962,0.0,0.0,3714.6331,3458.3142,0.0,0.0,0.0,0,0
11.4,223.553,0.0,104.1504,54.423,22.8291,-1.5233,-1,-1,-1,-1,-0.0012,22.8291,-0.0263,0.0431,0.0057,0.0057,1610.6692,2964.2151,0.0,0.0,3714.399,3457.766,0.0,0.0,0.0,0,0
11.45,224.7034,0.0,104.2364,53.2758,23.0089,-1.5139,-1,-1,-1,-1,0.0179,23.0052,0.4129,0.1865,0.1951,0.1951,5987.2638,817.55,0.0,3791.0,3714.1835,3457.2614,0.1963,1.0,0.0,0,0
11.5,225.863,0.0,104.3521,52.122,23.1911,-1.4941,-1,-1,-1,-1,0.0232,23.1849,0.5389,0.3972,0.1679,0.1679,5990.7601,-1210.5059,0.0,3791.0,3716.3524,3462.3407,0.1963,1.0,0.0,0,0
11.55,227.018,0.0,104.4992,50.9764,23.1007,-1.4664,-1,-1,-1,-1,0.0233,23.0944,0.5391,0.5536,0.151,0.151,5994.3327,432.0897,0.0,0.0,3718.5687,3467.5307,0.1963,0.0,0.0,0,0
11.6,228.1687,0.0,104.6806,49.8401,23.0136,-1.4339,-1,-1,-1,-1,0.0214,23.0083,0.492,0.6502,0.1421,0.1421,5992.5562,2234.2258,0.0,0.0,3717.4666,3464.9499,0.1963,0.0,0.0,0,0
11.65,229.315,0.0,104.8978,48.7145,22.9272,-1.3984,-1,-1,-1,-1,0.0182,22.9234,0.4178,0.7097,0.1385,0.1385,5990.8511,3355.7508,0.0,0.0,3716.4089,3462.4728,0.1963,0.0,0.0,0,0
11.7,230.457,0.0,105.1516,47.6011,22.8399,-1.3612,-1,-1,-1,-1,0.0145,22.8375,0.3312,0.745,0.1382,0.1382,5989.168,4084.7289,0.0,0.0,3715.3648,3460.0277,0.1963,0.0,0.0,0,0
11.75,231.5946,0.0,105.4424,46.5013,22.7505,-1.3229,-1,-1,-1,-1,0.0106,22.7492,0.2421,0.7644,0.1397,0.1397,5987.4722,4560.7379,0.0,0.0,3714.3127,3457.564,0.1963,0.0,0.0,0,0
11.8,232.7275,0.0,105.7701,45.4168,22.6586,-1.2843,-1,-1,-1,-1,0.0069,22.658,0.1567,0.7735,0.1423,0.1423,5985.7431,4870.3942,0.0,0.0,3713.2402,3455.0522,0.1963,0.0,0.0,0,0
11.85,233.8606,0.0,106.0761,44.3258,22.6626,-1.2627,-1,-1,-1,-1,-0.0347,22.649,-0.7858,0.4321,-0.051,-0.051,-5975.8257,5070.2298,0.0,0.0,3712.1411,3452.4784,0.0,0.0,0.0,0,0
11.9,234.992,0.0,106.4042,43.2431,22.6273,-1.2463,-1,-1,-1,-1,-0.0303,22.6169,-0.6857,0.3274,0.01,0.01,2619.0921,5455.7142,0.0,0.0,3712.1894,3452.5914,0.0,0.0,0.0,0,0
11.95,236.1217,0.0,106.7556,42.1693,22.5952,-1.2344,-1,-1,-1,-1,-0.0201,22.5906,-0.4533,0.2369,0.0116,0.0116,2942.9158,5312.6794,0.0,0.0,3711.7684,3451.6055,0.0,0.0,0.0,0,0
12.0,237.2503,0.0,107.1236,41.1024,22.5716,-1.2277,-1,-1,-1,-1,-0.0109,22.5702,-0.2471,0.1346,0.0065,0.0065,1812.8167,4678.6657,0.0,0.0,3711.386,3450.71,0.0,0.0,0.0,0,0
12.05,238.3876,0.0,107.5293,40.0399,22.7467,-1.2179,-1,-1,-1,-1,0.0118,22.7451,0.2692,0.1961,0.1996,0.1996,5982.3023,3286.0507,0.0,3791.0,3711.1056,3450.0535,0.1963,1.0,0.0,0,0
12.1,239.5341,0.0,107.9675,38.9805,22.9292,-1.1999,-1,-1,-1,-1,0.0213,22.924,0.4886,0.3602,0.1734,0.1734,5985.6697,190.5688,0.0,3791.0,3713.1946,3454.9456,0.1963,1.0,0.0,0,0
12.15,240.6899,0.0,108.4386,37.9252,23.1149,-1.174,-1,-1,-1,-1,0.0231,23.1088,0.5336,0.5176,0.1547,0.1547,5989.2071,398.1308,0.0,3791.0,3715.389,3460.0844,0.1963,1.0,0.0,0,0
12.2,241.8412,0.0,108.9393,36.8884,23.027,-1.1428,-1,-1,-1,-1,0.0219,23.0215,0.5035,0.6252,0.1443,0.1443,5992.8355,1904.3386,0.0,0.0,3717.6399,3465.3557,0.1963,0.0,0.0,0,0
12.25,242.9925,0.0,109.416,35.8404,23.0256,-1.1253,-1,-1,-1,-1,-0.0186,23.0217,-0.4272,0.3486,-0.0569,-0.0569,-5991.1106,3098.7228,0.0,0.0,3716.5723,3462.8556,0.0,0.0,0.0,0,0
12.3,244.1512,0.0,109.9023,34.7887,23.1746,-1.1166,-1,-1,-1,-1,-0.0211,23.1695,-0.4884,0.1748,-0.001,-0.001,-313.3621,4972.3503,0.0,2340.1137,3716.5554,3462.816,0.0,1.0,0.0,0,0
12.35,245.3204,0.0,110.4142,33.7375,23.3841,-1.1111,-1,-1,-1,-1,-0.0066,23.3836,-0.1538,0.1106,0.0113,0.0113,2889.4539,4469.6421,0.0,3208.8532,3718.3669,3467.0582,0.0,1.0,0.0,0,0
12.4,246.4984,0.0,110.962,32.6946,23.5602,-1.1011,-1,-1,-1,-1,0.0139,23.558,0.3264,0.1997,0.1968,0.1968,5998.1466,2468.1801,0.0,3791.0,3720.9346,3473.0713,0.1963,1.0,0.0,0,0
12.45,247.6717,0.0,111.5347,31.6706,23.4648,-1.0821,-1,-1,-1,-1,0.0213,23.4595,0.4996,0.3803,0.1715,0.1715,6001.6548,-291.1998,0.0,0.0,3723.1109,3478.168,0.1963,0.0,0.0,0,0
12.5,248.8403,0.0,112.1334,30.6669,23.3732,-1.0554,-1,-1,-1,-1,0.0224,23.3673,0.5234,0.5328,0.1541,0.1541,5999.7499,552.7119,0.0,0.0,3721.9292,3475.4005,0.1963,0.0,0.0,0,0
12.55,250.0046,0.0,112.7595,29.6854,23.2848,-1.0237,-1,-1,-1,-1,0.0208,23.2798,0.4845,0.6337,0.1445,0.1445,5997.9296,2112.7739,0.0,0.0,3720.8,3472.7562,0.1963,0.0,0.0,0,0
12.6,251.1783,0.0,113.4218,28.7164,23.4742,-0.9889,-1,-1,-1,-1,0.0176,23.4705,0.4129,0.697,0.1404,0.1404,5996.1805,3242.7826,0.0,3791.0,3719.7149,3470.2151,0.1963,1.0,0.0,0,0
12.65,252.3476,0.0,114.1127,27.7731,23.3854,-0.9521,-1,-1,-1,-1,0.0135,23.3833,0.315,0.736,0.1404,0.1404,5999.9368,3980.0832,0.0,0.0,3722.0451,3475.672,0.1963,0.0,0.0,0,0
12.7,253.5123,0.0,114.8321,26.8571,23.2944,-0.9142,-1,-1,-1,-1,0.0092,23.2934,0.2143,0.7569,0.1422,0.1422,5998.1718,4526.4149,0.0,0.0,3720.9503,3473.108,0.1963,0.0,0.0,0,0
12.75,254.6771,0.0,115.5329,25.9266,23.2975,-0.8932,-1,-1,-1,-1,-0.0321,23.2855,-0.7487,0.4216,-0.0512,-0.0512,-5988.4005,4873.7062,0.0,0.0,3719.8316,3470.4884,0.0,0.0,0.0,0,0
12.8,255.8403,0.0,116.2499,25.0107,23.2635,-0.8777,-1,-1,-1,-1,-0.0289,23.2538,-0.6711,0.309,0.0087,0.0087,2338.5717,5449.475,0.0,0.0,3719.8709,3470.5802,0.0,0.0,0.0,0,0
12.85,257.0035,0.0,116.9984,24.1204,23.2631,-0.8624,-1,-1,-1,-1,-0.0094,23.2621,-0.2175,0.3057,0.208,0.208,5995.7582,5255.0795,0.0,1644.0845,3719.453,3469.6016,0.1963,1.0,0.0,0,0
12.9,258.1744,0.0,117.7811,23.2496,23.4179,-0.8456,-1,-1,-1,-1,0.007,23.4173,0.1628,0.3373,0.1887,0.1887,5995.7518,4200.9143,0.0,3559.6394,3719.449,3469.5924,0.1963,1.0,0.0,0,0
12.95,259.3447,0.0,118.5469,22.3645,23.4075,-0.8402,-1,-1,-1,-1,-0.0174,23.4039,-0.4068,0.1077,-0.0256,-0.0256,-4969.3216,2576.0666,0.0,0.0,3721.3506,3474.0455,0.0,0.0,0.0,0,0
13.0,260.514,0.0,119.3285,21.4948,23.3857,-0.8368,-1,-1,-1,-1,-0.0019,23.3856,-0.0443,0.067,0.0114,0.0114,2911.7396,3780.6512,0.0,0.0,3721.2223,3473.745,0.0,0.0,0.0,0,0
13.05,261.6825,0.0,120.1089,20.6251,23.3695,-0.8363,-1,-1,-1,-1,-0.0031,23.3694,-0.0725,0.0102,-0.0018,-0.0018,-547.6152,1235.2406,0.0,0.0,3720.9538,3473.1163,0.0,0.0,0.0,0,0
13.1,262.864,0.0,120.9021,19.7494,23.63,-0.836,-1,-1,-1,-1,0.0012,23.63,0.028,0.0064,0.0025,0.0025,759.1572,780.1389,0.0,3791.0,3720.7549,3472.6505,0.0,1.0,0.0,0,0
13.15,264.0545,0.0,121.7242,18.8885,23.8089,-0.8268,-1,-1,-1,-1,0.0184,23.8048,0.4378,0.183,0.1948,0.1948,6003.0524,-170.5211,0.0,3791.0,3723.9779,3480.1982,0.1963,1.0,0.0,0,0
13.2,265.2539,0.0,122.5735,18.0415,23.9896,-0.8068,-1,-1,-1,-1,0.0228,23.9834,0.5474,0.4006,0.168,0.168,6006.652,-1405.5513,0.0,3791.0,3726.2109,3485.4276,0.1963,1.0,0.0,0,0
13.25,266.4668,0.0,123.4098,17.1631,24.2565,-0.796,-1,-1,-1,-1,-0.0139,24.2541,-0.3381,0.2154,-0.0444,-0.0444,-5937.3849,387.8475,0.0,3791.0,3728.4849,3490.7528,0.0,1.0,0.0,0,0
13.3,267.6785,0.0,124.253,16.2928,24.2344,-0.7909,-1,-1,-1,-1,-0.0103,24.2332,-0.2487,0.102,0.0025,0.0025,736.1773,4066.4556,0.0,0.0,3731.8739,3498.6894,0.0,0.0,0.0,0,0
13.35,268.8892,0.0,125.1042,15.4318,24.2147,-0.7886,-1,-1,-1,-1,-0.0025,24.2146,-0.0608,0.0467,0.0048,0.0048,1383.8773,2883.2105,0.0,0.0,3731.5928,3498.0311,0.0,0.0,0.0,0,0
13.4,270.1088,0.0,125.9853,14.5886,24.3915,-0.7795,-1,-1,-1,-1,0.0161,24.3883,0.393,0.1818,0.1964,0.1964,6014.9218,1092.9721,0.0,3791.0,3731.3411,3497.4416,0.1963,1.0,0.0,0,0
13.45,271.3373,0.0,126.8936,13.7614,24.571,-0.7601,-1,-1,-1,-1,0.0214,24.5654,0.5257,0.3879,0.1706,0.1706,6018.5675,-1047.647,0.0,3791.0,3733.6026,3502.7378,0.1963,1.0,0.0,0,0
13.5,272.575,0.0,127.8304,12.9525,24.754,-0.7328,-1,-1,-1,-1,0.0206,24.7488,0.5099,0.546,0.1546,0.1546,6022.2976,404.2185,0.0,3791.0,3735.9166,3508.1568,0.1963,1.0,0.0,0,0
13.55,273.8082,0.0,128.7867,12.174,24.6626,-0.7006,-1,-1,-1,-1,0.0174,24.6589,0.4283,0.6438,0.1473,0.1473,6026.1282,2228.1497,0.0,0.0,3738.2929,3513.7217,0.1963,0.0,0.0,0,0
13.6,275.0412,0.0,129.7256,11.3747,24.6609,-0.6829,-1,-1,-1,-1,-0.0224,24.6548,-0.5515,0.3543,-0.0511,-0.0511,-6014.9117,3467.1975,0.0,0.0,3737.1034,3510.9361,0.0,0.0,0.0,0,0
13.65,276.2729,0.0,130.6726,10.5872,24.6329,-0.6721,-1,-1,-1,-1,-0.0216,24.6271,-0.5329,0.2165,0.0038,0.0038,1108.022,5131.9639,0.0,0.0,3737.082,3510.8859,0.0,0.0,0.0,0,0
13.7,277.5031,0.0,131.6324,9.8176,24.6049,-0.6651,-1,-1,-1,-1,-0.0107,24.6035,-0.264,0.1397,0.0103,0.0103,2673.8303,4662.0522,0.0,0.0,3736.7179,3510.0333,0.0,0.0,0.0,0,0
13.75,278.7281,0.0,132.6109,9.0807,24.4992,-0.6549,-1,-1,-1,-1,0.0094,24.4981,0.2307,0.2044,0.1997,0.1997,6023.0051,3224.891,0.0,0.0,3736.3555,3509.1846,0.1963,0.0,0.0,0,0
13.8,279.962,0.0,133.6161,8.3652,24.678,-0.6371,-1,-1,-1,-1,0.0185,24.6738,0.4558,0.3557,0.1761,0.1761,6020.8018,610.1685,0.0,3791.0,3734.9887,3505.9837,0.1963,1.0,0.0,0,0
13.85,281.2049,0.0,134.6477,7.6716,24.8597,-0.6117,-1,-1,-1,-1,0.0198,24.8549,0.4913,0.5078,0.1593,0.1593,6024.5329,589.1979,0.0,3791.0,3737.3033,3511.4042,0.1963,1.0,0.0,0,0
13.9,282.4433,0.0,135.6946,7.0102,24.7672,-0.581,-1,-1,-1,-1,0.0176,24.7633,0.4362,0.614,0.1502,0.1502,6028.3536,1976.8617,0.0,0.0,3739.6734,3516.9546,0.1963,0.0,0.0,0,0
13.95,283.6815,0.0,136.7265,6.3258,24.7643,-0.5643,-1,-1,-1,-1,-0.0213,24.7587,-0.5286,0.3332,-0.0496,-0.0496,-6009.4774,3207.3836,0.0,0.0,3738.4643,3514.1231,0.0,0.0,0.0,0,0
14.0,284.9184,0.0,137.765,5.654,24.7367,-0.5544,-1,-1,-1,-1,-0.0198,24.7319,-0.4897,0.2,0.0039,0.0039,1151.4502,5032.1664,0.0,0.0,3738.4272,3514.0361,0.0,0.0,0.0,0,0
14.05,286.1495,0.0,138.8195,5.0186,24.6232,-0.5432,-1,-1,-1,-1,0.0008,24.6232,0.0201,0.2238,0.2057,0.2057,6025.7642,4462.326,0.0,0.0,3738.0671,3513.1928,0.1963,0.0,0.0,0,0
14.1,287.3895,0.0,139.8996,4.4097,24.7989,-0.5273,-1,-1,-1,-1,0.0139,24.7965,0.3457,0.3182,0.1838,0.1838,6023.3862,2327.4117,0.0,3791.0,3736.5919,3509.7383,0.1963,1.0,0.0,0,0
14.15,288.6384,0.0,141.0039,3.8262,24.979,-0.5045,-1,-1,-1,-1,0.0183,24.9748,0.4573,0.456,0.1658,0.1658,6027.0715,1022.3838,0.0,3791.0,3738.8781,3515.0921,0.1963,1.0,0.0,0,0
14.2,289.8827,0.0,142.1198,3.2759,24.8849,-0.4759,-1,-1,-1,-1,0.0178,24.881,0.4426,0.572,0.1545,0.1545,6030.8751,1683.4489,0.0,0.0,3741.2377,3520.6178,0.1963,0.0,0.0,0,0
14.25,291.1267,0.0,143.2229,2.7007,24.8804,-0.4607,-1,-1,-1,-1,-0.0201,24.8754,-0.4993,0.3039,-0.0475,-0.0475,-5994.4426,2839.3638,0.0,0.0,3740.0032,3517.7268,0.0,0.0,0.0,0,0
14.3,292.3694,0.0,144.3313,2.1389,24.8534,-0.4517,-1,-1,-1,-1,-0.0173,24.8496,-0.4307,0.1783,0.0043,0.0043,1240.8952,4877.376,0.0,0.0,3739.9445,3517.5894,0.0,0.0,0.0,0,0
14.35,293.6064,0.0,145.4517,1.6145,24.7419,-0.4411,-1,-1,-1,-1,0.0033,24.7418,0.0825,0.2124,0.2044,0.2044,6028.2192,4153.9221,0.0,0.0,3739.5901,3516.7595,0.1963,0.0,0.0,0,0
14.4,294.8385,0.0,146.582,1.124,24.6418,-0.4249,-1,-1,-1,-1,0.0155,24.6389,0.3828,0.3243,0.1819,0.1819,6025.8741,1804.1446,0.0,0.0,3738.1353,3513.3525,0.1963,0.0,0.0,0,0
14.45,296.0797,0.0,147.7335,0.6609,24.8227,-0.4015,-1,-1,-1,-1,0.0191,24.8181,0.4735,0.4691,0.1638,0.1638,6023.7765,806.5998,0.0,3791.0,3736.8341,3510.3053,0.1963,1.0,0.0,0,0
14.5,297.33,0.0,148.9061,0.2271,25.006,-0.3723,-1,-1,-1,-1,0.0179,25.002,0.448,0.584,0.1529,0.1529,6027.5718,1714.8968,0.0,3791.0,3739.1885,3515.819,0.1963,1.0,0.0,0,0
14.55,298.5895,0.0,150.0997,-0.175,25.1901,-0.3393,-1,-1,-1,-1,0.0143,25.1875,0.3612,0.6598,0.1483,0.1483,6031.4487,2895.6135,0.0,3791.0,3741.5935,3521.4511,0.1963,1.0,0.0,0,0
14.6,299.8581,0.0,151.3138,-0.5432,25.3727,-0.304,-1,-1,-1,-1,0.0095,25.3716,0.2407,0.7053,0.1482,0.1482,6035.3698,3814.2346,0.0,3791.0,3744.0259,3527.1474,0.1963,1.0,0.0,0,0
14.65,301.1343,0.0,152.5459,-0.8755,25.5235,-0.2675,-1,-1,-1,-1,0.0041,25.5233,0.1037,0.7297,0.1509,0.1509,6039.2869,4458.2551,0.0,3399.7178,3746.4559,3532.838,0.1963,1.0,0.0,0,0
14.7,302.4154,0.0,153.7927,-1.1701,25.6227,-0.2305,-1,-1,-1,-1,-0.0015,25.6227,-0.0377,0.7396,0.1553,0.1553,6042.5431,4893.9046,0.0,2751.0097,3748.4759,3537.5685,0.1963,1.0,0.0,0,0
14.75,303.6992,0.0,155.0508,-1.4256,25.6754,-0.1935,-1,-1,-1,-1,-0.0068,25.6748,-0.1744,0.7402,0.1605,0.1605,6044.6959,5179.9698,0.0,2177.6191,3749.8114,3540.696,0.1963,1.0,0.0,0,0
14.8,304.9774,0.0,156.3109,-1.64,25.5647,-0.1568,-1,-1,-1,-1,-0.0118,25.5629,-0.3005,0.7348,0.1659,0.1659,6045.8438,5360.838,0.0,0.0,3750.5235,3542.3637,0.1963,0.0,0.0,0,0
14.85,306.2555,0.0,157.5675,-1.8731,25.561,-0.1363,-1,-1,-1,-1,-0.0471,25.5326,-1.2033,0.4092,-0.0254,-0.0254,-4971.7412,5470.7965,0.0,0.0,3749.0296,3538.8652,0.0,0.0,0.0,0,0
14.9,307.5264,0.0,158.8239,-2.0646,25.4181,-0.1165,-1,-1,-1,-1,-0.0348,25.4027,-0.8834,0.3954,0.2227,0.2227,6043.3556,5613.1446,0.0,0.0,3748.9799,3538.7489,0.1963,0.0,0.0,0,0
14.95,308.7907,0.0,160.0793,-2.2148,25.2862,-0.0973,-1,-1,-1,-1,-0.0218,25.2803,-0.5501,0.3845,0.211,0.211,6040.265,5523.0076,0.0,0.0,3747.0627,3534.259,0.1963,0.0,0.0,0,0
15.0,310.049,0.0,161.3328,-2.3242,25.1659,-0.0781,-1,-1,-1,-1,-0.009,25.1649,-0.2261,0.385,0.1984,0.1984,6037.4283,5175.4342,0.0,0.0,3745.3029,3530.1379,0.1963,0.0,0.0,0,0
15.05,311.3018,0.0,162.5837,-2.394,25.056,-0.0576,-1,-1,-1,-1,0.0019,25.056,0.0468,0.4092,0.1856,0.1856,6034.8525,4456.8869,0.0,0.0,3743.705,3526.396,0.1963,0.0,0.0,0,0
15.1,312.5495,0.0,163.831,-2.4257,24.9536,-0.0345,-1,-1,-1,-1,0.0091,24.9526,0.2282,0.4621,0.1734,0.1734,6032.5109,3591.9804,0.0,0.0,3742.2524,3522.9941,0.1963,0.0,0.0,0,0
15.15,313.7923,0.0,165.0737,-2.42,24.8556,-0.008,-1,-1,-1,-1,0.0125,24.8537,0.3104,0.5308,0.1633,0.1633,6030.3378,3109.6536,0.0,0.0,3740.9043,3519.8372,0.1963,0.0,0.0,0,0
15.2,315.0302,0.0,166.311,-2.3772,24.7599,0.0218,-1,-1,-1,-1,0.0128,24.7579,0.317,0.596,0.1563,0.1563,6028.2662,3214.781,0.0,0.0,3739.6192,3516.8277,0.1963,0.0,0.0,0,0
15.25,316.2635,0.0,167.5416,-2.2966,24.665,0.0542,-1,-1,-1,-1,0.0112,24.6635,0.2765,0.647,0.1524,0.1524,6026.2518,3641.3747,0.0,0.0,3738.3696,3513.9013,0.1963,0.0,0.0,0,0
15.3,317.492,0.0,168.7643,-2.1778,24.5697,0.0883,-1,-1,-1,-1,0.0086,24.5688,0.2101,0.6823,0.1513,0.1513,6024.2621,4112.5626,0.0,0.0,3737.1353,3511.0107,0.1963,0.0,0.0,0,0
15.35,318.7204,0.0,169.9892,-2.084,24.5691,0.1063,-1,-1,-1,-1,-0.0298,24.5582,-0.7331,0.3602,-0.0444,-0.0444,-5948.3892,4509.7316,0.0,0.0,3735.8992,3508.1159,0.0,0.0,0.0,0,0
15.4,319.9471,0.0,171.2102,-1.9665,24.534,0.1195,-1,-1,-1,-1,-0.0236,24.5272,-0.5784,0.2635,0.0109,0.0109,2802.299,5376.8476,0.0,0.0,3735.8921,3508.0994,0.0,0.0,0.0,0,0
15.45,321.1724,0.0,172.4276,-1.8275,24.5045,0.1282,-1,-1,-1,-1,-0.0145,24.5019,-0.3548,0.1739,0.0097,0.0097,2550.0464,4939.7936,0.0,0.0,3735.4388,3507.0377,0.0,0.0,0.0,0,0
15.5,322.406,0.0,173.6483,-1.6493,24.6726,0.139,-1,-1,-1,-1,0.0059,24.6721,0.1458,0.2171,0.2017,0.2017,6020.912,3871.6548,0.0,3791.0,3735.0571,3506.1438,0.1963,1.0,0.0,0,0
15.55,323.6485,0.0,174.8723,-1.4358,24.8502,0.1561,-1,-1,-1,-1,0.0166,24.8467,0.4121,0.342,0.1791,0.1791,6024.4195,1410.4935,0.0,3791.0,3737.2329,3511.2394,0.1963,1.0,0.0,0,0
15.6,324.9001,0.0,176.099,-1.1877,25.031,0.1805,-1,-1,-1,-1,0.019,25.0265,0.4754,0.488,0.162,0.162,6028.1513,774.8367,0.0,3791.0,3739.548,3516.6608,0.1963,1.0,0.0,0,0
15.65,326.1512,0.0,177.3309,-0.9688,25.0234,0.1932,-1,-1,-1,-1,-0.0173,25.0197,-0.4326,0.2529,-0.0442,-0.0442,-5952.4363,1878.0877,0.0,0.0,3741.9226,3522.2218,0.0,0.0,0.0,0,0
15.7,327.4011,0.0,178.559,-0.7365,24.998,0.2001,-1,-1,-1,-1,-0.0132,24.9958,-0.3309,0.1394,0.0042,0.0042,1225.5014,4503.0712,0.0,0.0,3741.8225,3521.9873,0.0,0.0,0.0,0,0
15.75,328.6499,0.0,179.7832,-0.4899,24.9754,0.2038,-1,-1,-1,-1,-0.005,24.9751,-0.1254,0.0725,0.006,0.006,1695.5643,3506.6178,0.0,0.0,3741.4875,3521.203,0.0,0.0,0.0,0,0
15.8,329.8977,0.0,181.0054,-0.2387,24.9564,0.205,-1,-1,-1,-1,-0.0023,24.9563,-0.0562,0.0241,0.0013,0.0013,388.3059,1799.7152,0.0,0.0,3741.1908,3520.5081,0.0,0.0,0.0,0,0
15.85,331.1405,0.0,182.2156,0.0442,24.8553,0.2135,-1,-1,-1,-1,0.0162,24.8521,0.4015,0.1704,0.1974,0.1974,6030.396,767.1004,0.0,0.0,3740.9404,3519.9217,0.1963,0.0,0.0,0,0
15.9,332.3783,0.0,183.4137,0.3554,24.7572,0.2326,-1,-1,-1,-1,0.0215,24.7515,0.5321,0.3826,0.1713,0.1713,6028.2596,-1221.1228,0.0,0.0,3739.6151,3516.8181,0.1963,0.0,0.0,0,0
15.95,333.6115,0.0,184.5986,0.6969,24.6631,0.2599,-1,-1,-1,-1,0.0207,24.6578,0.5105,0.5449,0.1549,0.1549,6026.1942,279.9811,0.0,0.0,3738.3339,3513.8176,0.1963,0.0,0.0,0,0
16.0,334.8401,0.0,185.7688,1.0712,24.5718,0.292,-1,-1,-1,-1,0.0176,24.568,0.432,0.6429,0.1471,0.1471,6024.221,2220.3526,0.0,0.0,3737.1098,3510.9511,0.1963,0.0,0.0,0,0
16.05,336.0779,0.0,186.9357,1.4842,24.7573,0.327,-1,-1,-1,-1,0.0131,24.7551,0.3253,0.7001,0.145,0.145,6022.3147,3451.4011,0.0,3791.0,3735.9272,3508.1816,0.1963,1.0,0.0,0,0
16.1,337.3245,0.0,188.0972,1.9368,24.9304,0.3636,-1,-1,-1,-1,0.0079,24.9296,0.1975,0.7323,0.1467,0.1467,6026.1959,4209.6279,0.0,3657.2711,3738.3349,3513.8201,0.1963,1.0,0.0,0,0
16.15,338.577,0.0,189.2492,2.4285,25.0507,0.401,-1,-1,-1,-1,0.0024,25.0506,0.0609,0.7477,0.1505,0.1505,6029.8464,4719.8577,0.0,2985.5451,3740.5995,3519.1234,0.1963,1.0,0.0,0,0
16.2,339.8331,0.0,190.388,2.9586,25.1225,0.4386,-1,-1,-1,-1,-0.003,25.1224,-0.0745,0.7519,0.1554,0.1554,6032.3977,5058.1808,0.0,2381.4027,3742.1822,3522.8298,0.1963,1.0,0.0,0,0
16.25,341.0839,0.0,191.5043,3.5228,25.0159,0.4761,-1,-1,-1,-1,-0.0081,25.0151,-0.202,0.749,0.1606,0.1606,6033.9259,5275.0723,0.0,0.0,3743.1302,3525.0498,0.1963,0.0,0.0,0,0
16.3,342.3347,0.0,192.6298,4.0682,25.015,0.4967,-1,-1,-1,-1,-0.0455,24.9891,-1.1383,0.4129,-0.0306,-0.0306,-5402.9093,5410.3207,0.0,0.0,3741.7236,3521.7557,0.0,0.0,0.0,0,0
16.35,343.5784,0.0,193.7308,4.6469,24.8747,0.5167,-1,-1,-1,-1,-0.0328,24.8613,-0.8148,0.3997,0.2205,0.2205,6031.6399,5585.3893,0.0,0.0,3741.7121,3521.7288,0.1963,0.0,0.0,0,0
16.4,344.8157,0.0,194.8065,5.2582,24.7456,0.5362,-1,-1,-1,-1,-0.0194,24.741,-0.4798,0.3898,0.2083,0.2083,6028.6685,5482.8614,0.0,0.0,3739.8688,3517.4122,0.1963,0.0,0.0,0,0
16.45,346.0471,0.0,195.8567,5.9012,24.6283,0.5558,-1,-1,-1,-1,-0.0064,24.6278,-0.1587,0.3926,0.1954,0.1954,6025.952,5095.535,0.0,0.0,3738.1836,3513.4657,0.1963,0.0,0.0,0,0
16.5,347.2732,0.0,196.8815,6.5743,24.5213,0.5769,-1,-1,-1,-1,0.0043,24.5211,0.1046,0.421,0.1822,0.1822,6023.4943,4322.851,0.0,0.0,3736.659,3509.8953,0.1963,0.0,0.0,0,0
16.55,348.4942,0.0,197.881,7.2757,24.4214,0.6008,-1,-1,-1,-1,0.0111,24.4199,0.2718,0.478,0.1699,0.1699,6021.2625,3455.6171,0.0,0.0,3735.2745,3506.653,0.1963,0.0,0.0,0,0
16.6,349.7105,0.0,198.8549,8.0042,24.3255,0.6282,-1,-1,-1,-1,0.0141,24.3231,0.3418,0.5483,0.1599,0.1599,6019.1871,3051.2466,0.0,0.0,3733.987,3503.638,0.1963,0.0,0.0,0,0
16.65,350.9221,0.0,199.8024,8.7594,24.2318,0.6588,-1,-1,-1,-1,0.0141,24.2294,0.3418,0.6126,0.1532,0.1532,6017.2042,3233.713,0.0,0.0,3732.7569,3500.7573,0.1963,0.0,0.0,0,0
16.7,352.1429,0.0,200.7328,9.5497,24.4155,0.6919,-1,-1,-1,-1,0.0123,24.4137,0.2995,0.6617,0.1496,0.1496,6015.2734,3687.561,0.0,3791.0,3731.5592,3497.9524,0.1963,1.0,0.0,0,0
16.75,353.3725,0.0,201.6443,10.375,24.5931,0.7267,-1,-1,-1,-1,0.0091,24.5921,0.2241,0.6964,0.1491,0.1491,6019.065,4129.5037,0.0,3722.9976,3733.9113,3503.4606,0.1963,1.0,0.0,0,0
16.8,354.5974,0.0,202.5254,11.2258,24.4967,0.7626,-1,-1,-1,-1,0.0053,24.4963,0.1295,0.7179,0.1507,0.1507,6022.7582,4527.7531,0.0,0.0,3736.2024,3508.826,0.1963,0.0,0.0,0,0
16.85,355.8172,0.0,203.3749,12.1014,24.3976,0.799,-1,-1,-1,-1,0.0015,24.3976,0.0359,0.7284,0.1532,0.1532,6020.7497,4859.9753,0.0,0.0,3734.9564,3505.908,0.1963,0.0,0.0,0,0
16.9,357.032,0.0,204.1916,13.0007,24.2957,0.8356,-1,-1,-1,-1,-0.0021,24.2957,-0.0507,0.7314,0.1563,0.1563,6018.6947,5082.7368,0.0,0.0,3733.6816,3502.9227,0.1963,0.0,0.0,0,0
16.95,358.2416,0.0,204.9744,13.9227,24.1911,0.8721,-1,-1,-1,-1,-0.0052,24.1908,-0.1269,0.7296,0.1595,0.1595,6016.5898,5228.0532,0.0,0.0,3732.3758,3499.8647,0.1963,0.0,0.0,0,0
17.0,359.4458,0.0,205.7226,14.8663,24.0841,0.9083,-1,-1,-1,-1,-0.0079,24.0833,-0.1905,0.7247,0.1626,0.1626,6014.4375,5320.3877,0.0,0.0,3731.0407,3496.7381,0.1963,0.0,0.0,0,0
17.05,360.6445,0.0,206.4352,15.8302,23.9749,0.9442,-1,-1,-1,-1,-0.01,23.9737,-0.2402,0.7178,0.1654,0.1654,6012.2444,5377.1048,0.0,0.0,3729.6801,3493.552,0.1963,0.0,0.0,0,0
17.1,361.8378,0.0,207.1116,16.8132,23.8642,0.9797,-1,-1,-1,-1,-0.0115,23.8626,-0.2754,0.7097,0.1677,0.1677,6010.0191,5409.9504,0.0,0.0,3728.2997,3490.3192,0.1963,0.0,0.0,0,0
17.15,363.0254,0.0,207.751,17.814,23.7524,1.0147,-1,-1,-1,-1,-0.0125,23.7506,-0.296,0.7011,0.1694,0.1694,6007.7716,5426.4934,0.0,0.0,3726.9055,3487.0541,0.1963,0.0,0.0,0,0
17.2,364.2074,0.0,208.3528,18.8313,23.64,1.0494,-1,-1,-1,-1,-0.0128,23.6381,-0.3022,0.6922,0.1707,0.1707,6005.5124,5431.2586,0.0,0.0,3725.504,3483.772,0.1963,0.0,0.0,0,0
17.25,365.3837,0.0,208.9166,19.8638,23.5275,1.0835,-1,-1,-1,-1,-0.0125,23.5257,-0.2944,0.6834,0.1713,0.1713,6003.2521,5426.5321,0.0,0.0,3724.1018,3480.4884,0.1963,0.0,0.0,0,0
17.3,366.5545,0.0,209.4418,20.9102,23.4155,1.1173,-1,-1,-1,-1,-0.0117,23.4139,-0.2736,0.675,0.1713,0.1713,6001.0011,5412.9009,0.0,0.0,3722.7054,3477.2183,0.1963,0.0,0.0,0,0
17.35,367.7197,0.0,209.9281,21.9691,23.3044,1.1506,-1,-1,-1,-1,-0.0103,23.3031,-0.241,0.6673,0.1708,0.1708,5998.7694,5389.6374,0.0,0.0,3721.321,3473.9762,0.1963,0.0,0.0,0,0
17.4,368.8795,0.0,210.375,23.0392,23.1945,1.1837,-1,-1,-1,-1,-0.0086,23.1937,-0.1984,0.6607,0.1697,0.1697,5996.5663,5355.0942,0.0,0.0,3719.9543,3470.7756,0.1963,0.0,0.0,0,0
17.45,370.0338,0.0,210.7825,24.1192,23.0864,1.2165,-1,-1,-1,-1,-0.0064,23.086,-0.1481,0.6556,0.1681,0.1681,5994.3999,5307.3154,0.0,0.0,3718.6104,3467.6283,0.1963,0.0,0.0,0,0
17.5,371.188,0.0,211.208,25.1921,23.0835,1.2328,-1,-1,-1,-1,-0.0396,23.0654,-0.9132,0.3263,-0.0303,-0.0303,-5358.3997,5245.0487,0.0,0.0,3717.2933,3464.5441,0.0,0.0,0.0,0,0
17.55,372.3401,0.0,211.6016,26.2749,23.0417,1.2466,-1,-1,-1,-1,-0.0244,23.0349,-0.563,0.2762,0.0213,0.0213,4496.6085,5456.0679,0.0,0.0,3717.2577,3464.4606,0.0,0.0,0.0,0,0
17.6,373.4908,0.0,211.9745,27.3635,23.014,1.2555,-1,-1,-1,-1,-0.0148,23.0115,-0.3402,0.1788,0.0089,0.0089,2383.0382,5027.1002,0.0,0.0,3716.7507,3463.2733,0.0,0.0,0.0,0,0
17.65,374.6404,0.0,212.3337,28.4556,22.9934,1.2599,-1,-1,-1,-1,-0.0068,22.9929,-0.1562,0.0866,0.0047,0.0047,1361.8093,3977.6728,0.0,0.0,3716.4142,3462.4854,0.0,0.0,0.0,0,0
17.7,375.7893,0.0,212.6859,29.5491,22.9767,1.2612,-1,-1,-1,-1,-0.002,22.9766,-0.0465,0.0278,0.0019,0.0019,581.381,2286.0442,0.0,0.0,3716.1647,3461.9011,0.0,0.0,0.0,0,0
17.75,376.9373,0.0,213.0358,30.6426,22.961,1.2615,-1,-1,-1,-1,-0.0004,22.961,-0.0101,0.0057,0.0005,0.0005,142.9413,792.7538,0.0,0.0,3715.9626,3461.4276,0.0,0.0,0.0,0,0
17.8,378.0846,0.0,213.385,31.7354,22.9455,1.2616,-1,-1,-1,-1,-0.0,22.9455,-0.0011,0.001,0.0001,0.0001,38.0027,174.7069,0.0,0.0,3715.7735,3460.9849,0.0,0.0,0.0,0,0
17.85,379.2311,0.0,213.7339,32.8275,22.9301,1.2616,-1,-1,-1,-1,-0.0,22.9301,-0.0006,0.0001,-0.0,-0.0,-2.141,24.693,0.0,0.0,3715.5861,3460.546,0.0,0.0,0.0,0,0
17.9,380.3866,0.0,214.0556,33.9373,23.11,1.2701,-1,-1,-1,-1,0.0185,23.106,0.4286,0.1704,0.1964,0.1964,5989.2234,7.4926,0.0,3791.0,3715.3991,3460.1082,0.1963,1.0,0.0,0,0
17.95,381.5512,0.0,214.3522,35.0635,23.2918,1.2897,-1,-1,-1,-1,0.0236,23.2853,0.5501,0.3913,0.1683,0.1683,5992.7386,-1514.7127,0.0,3791.0,3717.5798,3465.2149,0.1963,1.0,0.0,0,0
18.0,382.7251,0.0,214.6202,36.2064,23.4777,1.3174,-1,-1,-1,-1,0.0231,23.4715,0.5421,0.5538,0.151,0.151,5996.319,250.0513,0.0,3791.0,3719.8009,3470.4163,0.1963,1.0,0.0,0,0
18.05,383.9126,0.0,214.9189,37.3557,23.7501,1.3327,-1,-1,-1,-1,-0.0163,23.747,-0.3859,0.3071,-0.0536,-0.0536,-5998.0354,2187.0207,0.0,3791.0,3722.0894,3475.7757,0.0,1.0,0.0,0,0
18.1,385.1097,0.0,215.213,38.5161,23.9418,1.3401,-1,-1,-1,-1,-0.0175,23.9382,-0.419,0.1475,-0.0005,-0.0005,-146.4419,4689.8818,0.0,2927.6063,3725.4756,3483.7057,0.0,1.0,0.0,0,0
18.15,386.3194,0.0,215.4903,39.6937,24.1952,1.3445,-1,-1,-1,-1,-0.0049,24.1949,-0.1185,0.0874,0.0095,0.0095,2514.738,4021.7815,0.0,3791.0,3727.8823,3489.3416,0.0,1.0,0.0,0,0
18.2,387.5421,0.0,215.7669,40.8847,24.454,1.3457,-1,-1,-1,-1,-0.0031,24.4539,-0.0765,0.0248,0.0002,0.0002,71.0171,1951.6132,0.0,3791.0,3731.0929,3496.8605,0.0,1.0,0.0,0,0
18.25,388.7778,0.0,216.042,42.0893,24.713,1.3462,-1,-1,-1,-1,0.0001,24.713,0.0029,0.0092,0.0018,0.0018,550.8582,952.4418,0.0,3791.0,3734.4072,3504.6219,0.0,1.0,0.0,0,0
18.3,390.0264,0.0,216.3208,43.3064,24.9717,1.3462,-1,-1,-1,-1,-0.0006,24.9717,-0.0152,0.0007,-0.0006,-0.0006,-186.0487,93.8643,0.0,3791.0,3737.758,3512.469,0.0,1.0,0.0,0,0
18.35,391.2879,0.0,216.6013,44.5363,25.2301,1.3463,-1,-1,-1,-1,0.0003,25.2301,0.0071,0.0012,0.0006,0.0006,176.777,141.0099,0.0,3791.0,3741.1421,3520.394,0.0,1.0,0.0,0,0
18.4,392.5623,0.0,216.8854,45.7786,25.4881,1.3462,-1,-1,-1,-1,-0.0002,25.4881,-0.0055,-0.0004,-0.0003,-0.0003,-106.5976,-46.9722,0.0,3791.0,3744.5563,3528.3895,0.0,1.0,0.0,0,0
18.45,393.8454,0.0,217.1394,47.0364,25.6633,1.3548,-1,-1,-1,-1,0.0168,25.6597,0.4306,0.1703,0.1966,0.1966,6041.777,42.7465,0.0,3791.0,3748.0006,3536.4555,0.1963,1.0,0.0,0,0
18.5,395.1374,0.0,217.3651,48.3086,25.8403,1.3742,-1,-1,-1,-1,0.021,25.8346,0.543,0.3887,0.171,0.171,6045.5793,-1397.0553,0.0,3791.0,3750.3593,3541.9793,0.1963,1.0,0.0,0,0
18.55,396.4385,0.0,217.5596,49.595,26.0207,1.4018,-1,-1,-1,-1,0.0189,26.0161,0.4925,0.5526,0.1559,0.1559,6049.4477,253.8577,0.0,3791.0,3752.7591,3547.5992,0.1963,1.0,0.0,0,0
18.6,397.7486,0.0,217.7193,50.8954,26.203,1.4342,-1,-1,-1,-1,0.0143,26.2003,0.3752,0.6487,0.15,0.15,6053.4184,2303.811,0.0,3791.0,3755.2223,3553.3676,0.1963,1.0,0.0,0,0
18.65,399.0586,0.0,217.9068,52.1919,26.2003,1.452,-1,-1,-1,-1,-0.0248,26.1923,-0.6502,0.355,-0.0463,-0.0463,-6006.8389,3601.1076,0.0,0.0,3757.7274,3559.2341,0.0,0.0,0.0,0,0
18.7,400.367,0.0,218.0754,53.4893,26.1671,1.464,-1,-1,-1,-1,-0.0224,26.1605,-0.5869,0.2401,0.0073,0.0073,2007.7614,5228.0736,0.0,0.0,3757.691,3559.1488,0.0,0.0,0.0,0,0
18.75,401.6803,0.0,218.2047,54.7963,26.2664,1.4767,-1,-1,-1,-1,-0.0045,26.2662,-0.1182,0.2542,0.2069,0.2069,6056.6598,4783.0558,0.0,3001.2052,3757.2332,3558.0766,0.1963,1.0,0.0,0,0
18.8,403.0021,0.0,218.297,56.1148,26.4357,1.4928,-1,-1,-1,-1,0.0081,26.4348,0.215,0.3208,0.1883,0.1883,6058.8695,3195.9217,0.0,3791.0,3758.6039,3561.2868,0.1963,1.0,0.0,0,0
18.85,404.3232,0.0,218.4133,57.4308,26.4211,1.4987,-1,-1,-1,-1,-0.016,26.4177,-0.4231,0.1187,-0.0238,-0.0238,-4814.698,1881.6806,0.0,0.0,3760.9519,3566.7852,0.0,0.0,0.0,0,0
18.9,405.6386,0.0,218.4909,58.7439,26.3086,1.5072,-1,-1,-1,-1,0.0046,26.3083,0.1207,0.1704,0.2066,0.2066,6062.3272,3652.7153,0.0,0.0,3760.7489,3566.3099,0.1963,0.0,0.0,0,0
18.95,406.9627,0.0,218.5344,60.0673,26.4825,1.5227,-1,-1,-1,-1,0.0153,26.4794,0.4048,0.3092,0.1834,0.1834,6059.8106,1019.3315,0.0,3791.0,3759.1877,3562.6538,0.1963,1.0,0.0,0,0
19.0,408.2819,0.0,218.544,61.3864,26.3827,1.5461,-1,-1,-1,-1,0.0174,26.3787,0.4597,0.4682,0.166,0.166,6063.7062,413.2989,0.0,0.0,3761.6044,3568.3133,0.1963,0.0,0.0,0,0
19.05,409.6005,0.0,218.5838,62.7045,26.3731,1.5581,-1,-1,-1,-1,-0.0175,26.369,-0.4628,0.2406,-0.0404,-0.0404,-5888.0764,1708.5666,0.0,0.0,3760.2156,3565.061,0.0,0.0,0.0,0,0
19.1,410.9178,0.0,218.6082,64.0215,26.3451,1.5651,-1,-1,-1,-1,-0.0128,26.343,-0.3374,0.1409,0.0058,0.0058,1626.6579,4437.0951,0.0,0.0,3760.0815,3564.7471,0.0,0.0,0.0,0,0
19.15,412.2338,0.0,218.6182,65.3375,26.3206,1.5689,-1,-1,-1,-1,-0.0057,26.3202,-0.1512,0.0755,0.0059,0.0059,1662.5124,3430.4761,0.0,0.0,3759.6941,3563.8397,0.0,0.0,0.0,0,0
19.2,413.5626,0.0,218.622,66.6663,26.5761,1.5704,-1,-1,-1,-1,-0.0025,26.576,-0.0659,0.0299,0.002,0.002,614.5574,1916.2703,0.0,3791.0,3759.3542,3563.0438,0.0,1.0,0.0,0,0
19.25,414.8904,0.0,218.6228,67.994,26.5551,1.5709,-1,-1,-1,-1,-0.0007,26.5551,-0.0199,0.0106,0.001,0.001,314.7479,858.8564,0.0,0.0,3762.9106,3571.3722,0.0,0.0,0.0,0,0
19.3,416.2171,0.0,218.6228,69.3208,26.5344,1.5711,-1,-1,-1,-1,-0.0003,26.5344,-0.0076,0.0032,0.0002,0.0002,73.1686,287.8679,0.0,0.0,3762.6177,3570.6863,0.0,0.0,0.0,0,0
19.35,417.5428,0.0,218.6224,70.6464,26.5136,1.5712,-1,-1,-1,-1,-0.0001,26.5136,-0.0014,0.001,0.0001,0.0001,41.2044,100.569,0.0,0.0,3762.3276,3570.0071,0.0,0.0,0.0,0,0
19.4,418.8674,0.0,218.6219,71.9711,26.493,1.5712,-1,-1,-1,-1,-0.0,26.493,-0.0009,0.0003,0.0,0.0,1.2985,24.3354,0.0,0.0,3762.0385,3569.3299,0.0,0.0,0.0,0,0
19.45,420.191,0.0,218.6214,73.2947,26.4723,1.5712,-1,-1,-1,-1,0.0,26.4723,0.0,0.0001,0.0,0.0,6.9875,10.7825,0.0,0.0,3761.75,3568.6544,0.0,0.0,0.0,0,0
19.5,421.5136,0.0,218.6209,74.6173,26.4517,1.5712,-1,-1,-1,-1,-0.0,26.4517,-0.0002,0.0,-0.0,-0.0,-1.9406,1.0017,0.0,0.0,3761.4623,3567.9805,0.0,0.0,0.0,0,0
19.55,422.8352,0.0,218.6204,75.9388,26.4311,1.5712,-1,-1,-1,-1,0.0,26.4311,0.0001,0.0,0.0,0.0,1.8485,1.6065,0.0,0.0,3761.1752,3567.3082,0.0,0.0,0.0,0,0
19.6,424.1516,0.0,218.653,77.2548,26.3278,1.5625,-1,-1,-1,-1,-0.0165,26.3243,-0.434,-0.1726,-0.1964,-0.1964,-6062.5527,-0.328,0.0,0.0,3760.8887,3566.6374,-0.1963,0.0,0.0,0,0
19.65,425.467,0.0,218.6561,78.5703,26.3088,1.5588,-1,-1,-1,-1,0.0096,26.3076,0.253,-0.0746,0.025,0.025,4933.8329,1365.3035,0.0,0.0,3759.4542,3563.2779,0.0,0.0,0.0,0,0
19.7,426.7813,0.0,218.6722,79.8845,26.2864,1.5568,-1,-1,-1,-1,0.0017,26.2863,0.0451,-0.0399,-0.006,-0.006,-1676.5932,-2516.3302,0.0,0.0,3759.191,3562.6615,0.0,0.0,0.0,0,0
19.75,428.0946,0.0,218.6891,81.1977,26.266,1.5563,-1,-1,-1,-1,0.0016,26.2659,0.0431,-0.0104,0.0002,0.0002,77.5959,-822.8831,0.0,0.0,3758.8798,3561.9328,0.0,0.0,0.0,0,0
19.8,429.4069,0.0,218.7086,82.5098,26.2456,1.5561,-1,-1,-1,-1,-0.0001,26.2456,-0.0031,-0.0048,-0.0011,-0.0011,-346.3907,-474.0171,0.0,0.0,3758.5974,3561.2715,0.0,0.0,0.0,0,0
19.85,430.7182,0.0,218.7275,83.821,26.2254,1.556,-1,-1,-1,-1,0.0003,26.2254,0.0088,-0.0005,0.0004,0.0004,109.3592,-33.0421,0.0,0.0,3758.3162,3560.6129,0.0,0.0,0.0,0,0
